point_id,site_id,sign_id,site_description,total_words,korean_in_hangul,korean_in_roman,english_in_hangul,english_in_roman,no_loan,type_loan,word_loan,no_loan_2,type_loan_2,words_loan_2,no_loan_3,type_loan_3,words_loan_3,kor_loan,kor_hier,kor_check,kor_size,eng_hier,eng_check,eng_size,other_hier,other_check,other_size,chinese,japanese,span,fren,arabic,viet,thai,turkish
1,1,,7 eleven,3,2,,,,1,2,hipass,,,,,,,,FALSE,1,2,FALSE,0,,FALSE,0,,,,,,,,,
1,1,,,2,2,,,,,,,,,,,,,,FALSE,1,3,FALSE,0,,FALSE,0,,,,,,,,,
1,1,,,2,,,,2,,,,,,,,,,,FALSE,0,,FALSE,1,3,FALSE,0,,,,,,,,,
1,1,,,2,,,,2,,,,,,,,,,,FALSE,0,,FALSE,1,3,FALSE,0,,,,,,,,,
1,1,,,2,,,,2,,,,,,,,,,,FALSE,0,,FALSE,1,1,FALSE,0,,,,,,,,,
1,1,,,1,,,,1,,,,,,,,,,,FALSE,0,,FALSE,1,3,FALSE,0,,,,,,,,,
1,1,,,1,1,,,,,,,,,,,,,,FALSE,1,3,FALSE,0,,FALSE,0,,,,,,,,,
1,2,,anne,1,,,,1,,,,,,,,,,,FALSE,0,,FALSE,1,2,FALSE,0,,,,,,,,,
1,2,,,1,,,,1,,,,,,,,,,,FALSE,0,,FALSE,1,2,FALSE,0,,,,,,,,,
1,2,,,1,,,,1,,,,,,,,,,,FALSE,0,,FALSE,1,2,FALSE,0,,,,,,,,,
1,3,1,furniture,4,4,,,,,,,,,,,,,,FALSE,1,1,FALSE,0,,FALSE,0,,,,,,,,,
1,3,1,,8,6,,,,1,2,stand,1,1,accessory,,,,,FALSE,1,2,FALSE,0,,FALSE,0,,,,,,,,,
1,3,,,3,3,,,,,,,,,,,,,,FALSE,1,2,FALSE,0,,FALSE,0,,,,,,,,,
1,4,,montmartre,4,2,,1,,1,1,market,,,,,,,,FALSE,1,3,FALSE,0,,FALSE,0,,,,,,,,,
1,5,,pink house,5,,,2,,3,1,"choice, antique, house",,,,,,,,FALSE,1,,FALSE,0,,FALSE,0,,,,,,,,,
1,6,,home,6,2,,,2,2,1,"europe, antique",,,,,,,,20,1,2,10,1,1,FALSE,0,,,,,,,,,
1,7,,studio,6,,2,,3,1,1,studio,,,,,,,,20,1,2,10,1,3,FALSE,0,,,,,,,,,
1,8,,grease,2,,,,2,,,,,,,,,,,FALSE,0,,FALSE,1,2,FALSE,0,,,,,,,,,
1,9,,photo,3,1,,,1,,,,,,,,,,,10,1,2,10,1,2,10,1,2,1,,,,,,,
1,10,,sofa,3,2,,,,1,1,sofa,,,,,,,,FALSE,1,1,FALSE,0,,FALSE,0,,,,,,,,,
1,11,,persian,4,,,,4,,,,,,,,,,,FALSE,0,,FALSE,1,2,FALSE,0,,,,,,,,,
1,6,,home,3,,,1,1,1,1,home,,,,,,,,10,1,2,20,1,3,FALSE,0,,,,,,,,,
1,12,,windsor,2,,,1,,1,1,antique,,,,,,,,FALSE,1,3,FALSE,0,,FALSE,0,,,,,,,,,
1,13,,yongsan,3,3,,,,,,,,,,,,,,FALSE,1,1,FALSE,0,,FALSE,0,,,,,,,,,
1,13,,,6,4,,,,2,1,"new, town",,,,,,,,FALSE,1,2,FALSE,0,,FALSE,0,,,,,,,,,
1,13,,,3,2,,,,1,2,apart,,,,,,,,FALSE,1,2,FALSE,0,,FALSE,0,,,,,,,,,
1,13,,,3,3,,,,,,,,,,,,,,FALSE,1,3,FALSE,0,,FALSE,0,,,,,,,,,
1,14,,flora,1,,,,1,,,,,,,,,,,FALSE,0,,FALSE,1,1,FALSE,0,,,,,,,,,
1,15,,antique,1,,,,1,,,,,,,,,,,FALSE,0,,FALSE,1,1,FALSE,0,,,,,,,,,
1,16,1,cherubs,1,,,1,,,,,,,,,,,,FALSE,1,2,FALSE,0,,FALSE,0,,,,,,,,,
1,16,1,,4,4,,,,,,,,,,,,,,FALSE,1,3,FALSE,0,,FALSE,0,,,,,,,,,
1,16,,,2,,,,,2,1,"fashion, vintage",,,,,,,,FALSE,1,3,FALSE,0,,FALSE,0,,,,,,,,,
1,17,1,sungbu,4,1,1,1,1,,,,,,,,,,,20,1,4,10,1,2,FALSE,0,,,,,,,,,
1,18,1,orange,2,1,,,,1,1,orange,,,,,,,,FALSE,1,1,FALSE,0,,FALSE,0,,,,,,,,,
1,18,1,,5,5,,,,,,,,,,,,,,FALSE,1,4,FALSE,0,,FALSE,0,,,,,,,,,
1,18,,,3,1,,,,2,1,"new, town",,,,,,,,FALSE,1,,FALSE,0,,FALSE,0,,,,,,,,,
1,18,,,3,2,,,,1,2,apart,,,,,,,,FALSE,1,,FALSE,0,,FALSE,0,,,,,,,,,
1,18,,,7,4,,,,1,2,apart,2,1,"new, town",,,,,FALSE,1,3,FALSE,0,,FALSE,0,,,,,,,,,
1,19,,olleh,5,,5,,,,,,,,,,,,,FALSE,0,,FALSE,1,1,FALSE,0,,,,,,,,,
1,20,,food,10,10,,,,,,,,,,,,,,FALSE,1,3,FALSE,0,,FALSE,0,,,,,,,,,
1,19,,,2,,2,,,,,,,,,,,,,FALSE,0,,FALSE,1,4,FALSE,0,,,,,,,,,
1,19,,,3,,,,3,,,,,,,,,,,FALSE,0,,FALSE,1,4,FALSE,0,,,,,,,,,
1,19,,,5,4,,,,1,1,smartphone,,,,,,,,FALSE,1,4,FALSE,0,,FALSE,0,,,,,,,,,
1,20,,,1,1,,,,,,,,,,,,,,FALSE,1,2,FALSE,0,,FALSE,0,,,,,,,,,
1,21,,chunghwa,1,,1,,,,,,,,,,,,,FALSE,0,1,FALSE,1,,FALSE,0,,,,,,,,,
1,22,,,2,1,,1,,,,,,,,,,,,FALSE,1,3,FALSE,0,,FALSE,0,,,,,,,,,
1,22,,,2,2,,,,,,,,,,,,,,FALSE,1,3,FALSE,0,,FALSE,0,,,,,,,,,
1,22,,,2,2,,,,,,,,,,,,,,FALSE,1,3,FALSE,0,,FALSE,0,,,,,,,,,
1,22,,,3,3,,,,,,,,,,,,,,FALSE,1,3,FALSE,0,,FALSE,0,,,,,,,,,
1,22,,,2,2,,,,,,,,,,,,,,FALSE,1,3,FALSE,0,,FALSE,0,,,,,,,,,
1,23,,treasure,1,,,,1,,,,,,,,,,,FALSE,0,,FALSE,1,2,FALSE,0,,,,,,,,,
1,24,,,2,,,2,,,,,,,,,,,,FALSE,1,3,FALSE,0,,FALSE,0,,,,,,,,,
1,24,,,3,,,,3,,,,,,,,,,,FALSE,0,,FALSE,1,2,FALSE,0,,,,,,,,,
1,24,,,2,,1,,1,,,,,,,,,,,FALSE,0,,FALSE,1,2,FALSE,0,,,,,,,,,
1,24,,,3,,,,3,,,,,,,,,,,FALSE,0,,FALSE,1,2,FALSE,0,,,,,,,,,
1,24,,,3,,,,3,,,,,,,,,,,FALSE,0,,FALSE,1,3,FALSE,0,,,,,,,,,
1,25,,passe,1,,,,,,,,,,,,,,,FALSE,0,,FALSE,0,,FALSE,1,2,,,,1,,,,
1,26,,zest,1,,,,1,,,,,,,,,,,FALSE,0,,FALSE,1,2,FALSE,0,,,,,,,,,
1,26,,,1,,,,1,,,,,,,,,,,FALSE,0,,FALSE,1,2,FALSE,0,,,,,,,,,
2,27,,mooa,4,1,,,2,1,1,antique,,,,,,,,10,1,2,20,1,3,FALSE,0,,,,,,,,,
2,28,,22,2,,,,2,,,,,,,,,,,FALSE,0,,FALSE,1,2,FALSE,0,,,,,,,,,
2,29,,vintage,3,,,,2,1,1,vintage,,,,,,,,20,1,2,10,1,2,FALSE,0,,,,,,,,,
2,28,,,1,,,,1,,,,,,,,,,,FALSE,0,,FALSE,1,3,FALSE,0,,,,,,,,,
2,29,,,6,,,,6,,,,,,,,,,,FALSE,0,,FALSE,1,3,FALSE,0,,,,,,,,,
2,29,,,2,,,,,2,1,"vintage, antique",,,,,,,,FALSE,1,3,FALSE,0,,FALSE,0,,,,,,,,,
2,29,,,1,,,,1,,,,,,,,,,,FALSE,0,,FALSE,1,3,FALSE,0,,,,,,,,,
2,30,,aprilis,2,,,1,1,,,,,,,,,,,20,1,3,10,1,2,FALSE,0,,,,,,,,,
2,30,,,1,,,,1,,,,,,,,,,,FALSE,0,,FALSE,1,3,FALSE,0,,,,,,,,,
2,30,,,3,,,,3,,,,,,,,,,,FALSE,0,,FALSE,1,3,FALSE,0,,,,,,,,,
2,31,,biulding,2,1,,,,1,1,building,,,,,,,,FALSE,1,2,FALSE,0,,FALSE,0,,,,,,,,,
2,32,,building,3,1,,,1,,,,,,,,,,,20,1,3,10,1,2,20,1,,,1,,,,,,
2,33,,,2,2,,,,,,,,,,,,,,FALSE,1,4,FALSE,0,,FALSE,0,,,,,,,,,
2,34,,ground ,2,2,,,,,,,,,,,,,,FALSE,1,1,FALSE,0,,FALSE,0,,,,,,,,,
2,35,,blackbrown,4,,,,4,,,,,,,,,,,FALSE,0,,FALSE,1,2,FALSE,0,,,,,,,,,
2,36,,animal hospital,10,7,1,,2,,,,,,,,,,,10,1,2,20,1,3,FALSE,0,,,,,,,,,
2,37,,,6,3,,,3,,,,,,,,,,,20,1,3,10,1,2,FALSE,0,,,,,,,,,
2,36,,,25,,,,25,,,,,,,,,,,FALSE,0,,FALSE,1,4,FALSE,0,,,,,,,,,
2,36,,,7,,,,7,,,,,,,,,,,FALSE,0,,FALSE,1,4,FALSE,0,,,,,,,,,
2,36,,,10,7,1,,2,,,,,,,,,,,10,1,3,20,1,4,FALSE,0,,,,,,,,,
2,36,,,10,7,1,,2,,,,,,,,,,,10,1,2,20,1,3,FALSE,0,,,,,,,,,
2,38,,freedom,6,3,,,3,,,,,,,,,,,10,1,2,10,1,2,FALSE,0,,,,,,,,,
2,38,,,2,2,,,,,,,,,,,,,,FALSE,1,3,FALSE,0,,FALSE,0,,,,,,,,,
2,37,,pet hotel,8,,,,8,,,,,,,,,,,FALSE,0,,FALSE,1,3,FALSE,0,,,,,,,,,
3,39,,,5,5,,,,,,,,,,,,,,FALSE,1,2,FALSE,0,,FALSE,0,,,,,,,,,
3,40,,food,5,5,,,,,,,,,,,,,,FALSE,1,2,FALSE,0,,FALSE,0,,,,,,,,,
3,41,,interior,2,1,,,,1,1,interior,,,,,,,,FALSE,1,2,FALSE,0,,FALSE,0,,,,,,,,,
3,41,,,2,1,,,,1,1,interior,,,,,,,,FALSE,1,3,FALSE,0,,FALSE,0,,,,,,,,,
3,41,,,5,5,,,,,,,,,,,,,,FALSE,1,3,FALSE,0,,FALSE,0,,,,,,,,,
3,42,,comp hosp,7,4,,,2,1,1,computer,,,,,,,,10,1,2,20,1,4,FALSE,0,,,,,,,,,
3,42,,,2,1,,,,1,1,computer,,,,,,,,FALSE,1,3,FALSE,0,,FALSE,0,,,,,,,,,
3,43,,repair,3,3,,,,,,,,,,,,,,FALSE,1,2,FALSE,0,,FALSE,0,,,,,,,,,
3,43,,,4,4,,,,,,,,,,,,,,FALSE,1,3,FALSE,0,,FALSE,0,,,,,,,,,
3,43,,,3,3,,,,,,,,,,,,,,FALSE,1,3,FALSE,0,,FALSE,0,,,,,,,,,
3,43,,,1,1,,,,,,,,,,,,,,FALSE,1,3,FALSE,0,,FALSE,0,,,,,,,,,
3,43,,,1,1,,,,,,,,,,,,,,FALSE,1,3,FALSE,0,,FALSE,0,,,,,,,,,
3,43,,,1,1,,,,,,,,,,,,,,FALSE,1,3,FALSE,0,,FALSE,0,,,,,,,,,
3,43,,,2,2,,,,,,,,,,,,,,FALSE,1,4,FALSE,0,,FALSE,0,,,,,,,,,
3,44,2,cali,3,,,,3,,,,,,,,,,,FALSE,0,,FALSE,1,3,FALSE,0,,,,,,,,,
3,44,2,,19,,,,19,,,,,,,,,,,FALSE,0,,FALSE,1,4,FALSE,0,,,,,,,,,
3,44,3,,12,,,,12,,,,,,,,,,,FALSE,0,,FALSE,1,4,FALSE,0,,,,,,,,,
3,44,3,,3,,,,3,,,,,,,,,,,FALSE,0,,FALSE,1,3,FALSE,0,,,,,,,,,
3,45,,child,6,5,,1,,,,,,,,,,,,FALSE,1,3,FALSE,0,,FALSE,0,,,,,,,,,
3,46,,polytech,3,2,,,,1,1,polytech,,,,,,,,FALSE,1,1,FALSE,0,,FALSE,0,,,,,,,,,
3,47,,bus stop,4,3,,,,1,1,polytech,,,,,,,,FALSE,1,4,FALSE,0,,FALSE,0,,,,,,,,,
3,47,,,7,6,,,,1,1,polytech,,,,,,,,FALSE,1,4,FALSE,0,,FALSE,0,,,,,,,,,
3,47,,,8,7,,,,1,1,polytech,,,,,,,,FALSE,1,4,FALSE,0,,FALSE,0,,,,,,,,,
3,48,,café stop,2,,,,2,,,,,,,,,,,FALSE,0,,FALSE,1,1,FALSE,0,,,,,,,,,
3,48,,,2,,,,2,,,,,,,,,,,FALSE,0,,FALSE,1,3,FALSE,0,,,,,,,,,
3,49,,melrose,1,,,,1,,,,,,,,,,,FALSE,0,,FALSE,1,2,FALSE,0,,,,,,,,,
3,49,,melrose,1,,,,1,,,,,,,,,,,FALSE,0,,FALSE,1,3,FALSE,0,,,,,,,,,
3,50,,mart,2,1,,,,1,1,mart,,,,,,,,FALSE,1,2,FALSE,0,,FALSE,0,,,,,,,,,
3,50,,,1,1,,,,,,,,,,,,,,FALSE,1,2,FALSE,0,,FALSE,0,,,,,,,,,
3,50,,,1,1,,,,,,,,,,,,,,FALSE,1,2,FALSE,0,,FALSE,0,,,,,,,,,
3,51,,meyu,3,,,1,,1,1,body,1,2,skin,,,,,FALSE,1,2,FALSE,0,,FALSE,0,,,,,,,,,
3,52,,clinci,6,3,,,3,,,,,,,,,,,10,1,1,20,1,3,FALSE,0,,,,,,,,,
3,53,,hilltop,5,1,,1,3,,,,,,,,,,,10,1,1,20,1,3,FALSE,0,,,,,,,,,
3,54,,pharm,3,3,,,,,,,,,,,,,,FALSE,1,1,FALSE,0,,FALSE,0,,,,,,,,,
3,55,,,5,4,,,,1,1,"botox, filler",,,,,,,,FALSE,1,2,FALSE,0,,FALSE,0,,,,,,,,,
3,56,,clinic,2,2,,,,,,,,,,,,,,FALSE,1,2,FALSE,0,,FALSE,0,,,,,,,,,
3,57,,kt,2,2,,,,,,,,,,,,,,FALSE,1,1,FALSE,0,,FALSE,0,,,,,,,,,
3,58,,chicken,2,1,,,,1,1,chicken,,,,,,,,FALSE,1,2,FALSE,0,,FALSE,0,,,,,,,,,
3,59,,immigration,13,11,,,2,,,,,,,,,,,10,1,2,10,1,2,FALSE,0,,,,,,,,,
3,60,,computer,3,2,,,,1,1,computer,,,,,,,,FALSE,1,1,FALSE,0,,FALSE,0,,,,,,,,,
3,61,,billiards,10,1,,1,6,1,1,club,1,3,pocketball,,,,,10,1,2,20,1,3,FALSE,0,,,,,,,,,
3,61,,,10,1,,1,6,1,1,club,1,3,pocketball,,,,,10,1,3,20,1,4,FALSE,0,,,,,,,,,
3,62,,travel ,3,1,2,,,,,,,,,,,,,10,1,2,10,1,2,FALSE,0,,,,,,,,,
3,63,,beauty,5,1,,,,4,1,"waxing, tanning, nail, beauty",,,,,,,,FALSE,1,2,FALSE,0,,FALSE,0,,,,,,,,,
3,61,,,9,1,,1,6,1,1,club,,,,,,,,10,1,2,20,1,3,FALSE,0,,,,,,,,,
3,56,,,2,2,,,,,,,,,,,,,,FALSE,1,2,FALSE,0,,FALSE,0,,,,,,,,,
3,62,,,4,3,,,,1,1,sofa,,,,,,,,FALSE,1,2,FALSE,0,,FALSE,0,,,,,,,,,
3,63,,,3,1,,,,2,1,number one,,,,,,,,FALSE,1,2,FALSE,0,,FALSE,0,,,,,,,,,
3,64,,realty,4,3,,,,1,1,"new, town ",,,,,,,,FALSE,1,3,FALSE,0,,FALSE,0,,,,,,,,,
3,64,,,2,2,,,,,,,,,,,,,,FALSE,1,2,FALSE,0,,FALSE,0,,,,,,,,,
3,64,,,3,3,,,,,,,,,,,,,,FALSE,1,3,FALSE,0,,FALSE,0,,,,,,,,,
3,64,,,2,2,,,,,,,,,,,,,,FALSE,1,2,FALSE,0,,FALSE,0,,,,,,,,,
3,65,,realty,3,3,,,,,,,,,,,,,,FALSE,1,3,FALSE,0,,FALSE,0,,,,,,,,,
3,65,,,2,2,,,,,,,,,,,,,,FALSE,1,3,FALSE,0,,FALSE,0,,,,,,,,,
3,65,,,2,2,,,,,,,,,,,,,,FALSE,1,3,FALSE,0,,FALSE,0,,,,,,,,,
3,66,,,3,3,,,,,,,,,,,,,,FALSE,1,3,FALSE,0,,FALSE,0,,,,,,,,,
3,67,,,3,3,,,,,,,,,,,,,,FALSE,1,5,FALSE,0,,FALSE,0,,,,,,,,,
3,68,,,3,3,,,,,,,,,,,,,,FALSE,1,1,FALSE,0,,FALSE,0,,,,,,,,,
3,69,,polytech,3,2,,,,1,1,polytech,,,,,,,,FALSE,1,1,FALSE,0,,FALSE,0,,,,,,,,,
4,70,,antiques,2,,,,2,,,,,,,,,,,FALSE,0,,FALSE,1,3,FALSE,0,,,,,,,,,
4,70,,,2,,,,2,,,,,,,,,,,FALSE,0,,FALSE,1,3,FALSE,0,,,,,,,,,
4,70,,,2,,,,2,,,,,,,,,,,FALSE,0,,FALSE,1,3,FALSE,0,,,,,,,,,
4,71,4,,2,1,,1,,,,,,,,,,,,FALSE,1,1,FALSE,0,,FALSE,0,,,,,,,,,
4,71,4,,4,4,,,,,,,,,,,,,,FALSE,1,2,FALSE,0,,FALSE,0,,,,,,,,,
4,71,,,3,2,,,,1,2,apart,,,,,,,,FALSE,1,3,FALSE,0,,FALSE,0,,,,,,,,,
4,71,,,3,2,,1,,,,,,,,,,,,FALSE,1,3,FALSE,0,,FALSE,0,,,,,,,,,
4,71,,,3,2,,1,,,,,,,,,,,,FALSE,1,3,FALSE,0,,FALSE,0,,,,,,,,,
4,71,,,3,2,,1,,,,,,,,,,,,FALSE,1,4,FALSE,0,,FALSE,0,,,,,,,,,
4,71,,,3,2,,1,,,,,,,,,,,,FALSE,1,1,FALSE,0,,FALSE,0,,,,,,,,,
4,72,,,2,,,1,,1,1,antique,,,,,,,,FALSE,1,1,FALSE,0,,FALSE,0,,,,,,,,,
4,73,5,,4,,,,4,,,,,,,,,,,FALSE,0,,FALSE,1,4,FALSE,0,,,,,,,,,
4,73,5,,2,,,1,1,,,,,,,,,,,10,1,3,10,1,3,FALSE,0,,,,,,,,,
4,74,,,1,,,,1,,,,,,,,,,,FALSE,0,,FALSE,1,3,FALSE,0,,,,,,,,,
4,74,,,5,4,,,1,,,,,,,,,,,10,1,2,20,1,3,FALSE,0,,,,,,,,,
4,75,,,2,,,2,,,,,,,,,,,,FALSE,1,2,FALSE,0,,FALSE,0,,,,,,,,,
5,76,,,6,,,,3,,,,,,,,,,,FALSE,0,,10,1,3,10,1,3,3,,,,,,,
5,77,,,2,,,,2,,,,,,,,,,,FALSE,0,,FALSE,1,,FALSE,0,,,,,,,,,
5,78,,,2,1,,,1,,,,,,,,,,,10,1,5,10,1,5,FALSE,0,,,,,,,,,
5,79,,,2,2,,,,,,,,,,,,,,FALSE,1,5,FALSE,0,,FALSE,0,,,,,,,,,
5,80,,,1,1,,,,,,,,,,,,,,FALSE,1,2,FALSE,0,,FALSE,0,,,,,,,,,
5,81,,,1,,,1,,,,,,,,,,,,FALSE,1,4,FALSE,0,,FALSE,0,,,,,,,,,
5,82,,,2,,,,2,,,,,,,,,,,FALSE,0,,FALSE,1,2,FALSE,0,,,,,,,,,
5,82,,,2,,,,2,,,,,,,,,,,FALSE,0,,FALSE,1,2,FALSE,0,,,,,,,,,
5,83,,,4,,,2,2,,,,,,,,,,,20,1,4,10,1,2,FALSE,0,,,,,,,,,
5,84,,,5,1,2,,1,1,1,antique,,,,,,,,20,1,3,10,1,2,FALSE,0,,,,,,,,,
5,84,,,4,3,,,,1,1,france,,,,,,,,FALSE,1,4,FALSE,0,,FALSE,0,,,,,,,,,
5,85,,,2,,,,,,,,,,,,,,,FALSE,0,,FALSE,0,,FALSE,1,2,,,,2,,,,
5,86,,,1,1,,,,,,,,,,,,,,FALSE,1,2,FALSE,0,,FALSE,0,,,,,,,,,
5,87,,,3,,,,2,1,1,crown,,,,,,,,10,1,2,10,1,2,FALSE,0,,,,,,,,,
5,87,,,11,1,,,,10,1,several brand names,,,,,,,,FALSE,1,2,FALSE,0,,FALSE,0,,,,,,,,,
5,88,,,4,4,,,,,,,,,,,,,,FALSE,1,3,FALSE,0,,FALSE,0,,,,,,,,,
5,88,,,2,,,,2,,,,,,,,,,,FALSE,0,,FALSE,1,3,FALSE,0,,,,,,,,,
5,88,,,2,,,,2,,,,,,,,,,,FALSE,0,,FALSE,1,2,FALSE,0,,,,,,,,,
5,89,,,2,,,,2,,,,,,,,,,,FALSE,0,,FALSE,1,2,FALSE,0,,,,,,,,,
5,91,,,2,,,,2,,,,,,,,,,,FALSE,0,,FALSE,1,3,FALSE,0,,,,,,,,,
5,90,,,2,,,2,,,,,,,,,,,,FALSE,1,3,FALSE,0,,FALSE,0,,,,,,,,,
5,90,,,1,,,,1,,,,,,,,,,,FALSE,0,,FALSE,1,3,FALSE,0,,,,,,,,,
5,90,,,2,,,,,,,,,,,,,,,FALSE,0,,FALSE,0,,FALSE,1,3,,,,2,,,,
5,91,,,2,,,,2,,,,,,,,,,,FALSE,0,,FALSE,1,2,FALSE,0,,,,,,,,,
5,92,,,2,1,,,1,,,,,,,,,,,10,1,3,20,1,4,FALSE,0,,,,,,,,,
5,93,,,4,1,,,2,1,1,interior,,,,,,,,20,1,4,10,1,3,FALSE,0,,,,,,,,,
5,94,,,2,,,,2,,,,,,,,,,,FALSE,0,,FALSE,1,3,FALSE,0,,,,,,,,,
5,94,,,2,,,2,,,,,,,,,,,,FALSE,1,3,FALSE,0,,FALSE,0,,,,,,,,,
5,95,,,5,3,,,2,,,,,,,,,,,10,1,2,20,1,3,FALSE,0,,,,,,,,,
5,96,,,2,,,1,1,,,,,,,,,,,10,1,3,20,1,4,FALSE,0,,,,,,,,,
5,97,,millet,1,,,,1,,,,,,,,,,,FALSE,0,,FALSE,1,3,FALSE,0,,,,,,,,,
5,98,,,2,,,,2,,,,,,,,,,,FALSE,0,,FALSE,1,3,FALSE,0,,,,,,,,,
5,98,,,1,,,,1,,,,,,,,,,,FALSE,0,,FALSE,1,4,FALSE,0,,,,,,,,,
5,98,,,1,,,,1,,,,,,,,,,,FALSE,0,,FALSE,1,4,FALSE,0,,,,,,,,,
5,99,,,1,,,,1,,,,,,,,,,,FALSE,0,,FALSE,1,3,FALSE,0,,,,,,,,,
5,99,,,3,3,,,,,,,,,,,,,,FALSE,1,,FALSE,0,2,FALSE,0,,,,,,,,,
5,100,,maple,1,,,,1,,,,,,,,,,,FALSE,0,,FALSE,1,3,FALSE,0,,,,,,,,,
5,100,,,1,,,,1,,,,,,,,,,,FALSE,0,,FALSE,1,3,FALSE,0,,,,,,,,,
5,100,,,1,,,,1,,,,,,,,,,,FALSE,0,,FALSE,1,3,FALSE,0,,,,,,,,,
5,100,,,1,,,,1,,,,,,,,,,,FALSE,0,,FALSE,1,3,FALSE,0,,,,,,,,,
5,100,,,1,,,,1,,,,,,,,,,,FALSE,0,,FALSE,1,3,FALSE,0,,,,,,,,,
5,100,,,2,,,1,,1,1,antique,,,,,,,,FALSE,1,3,FALSE,0,,FALSE,0,,,,,,,,,
5,101,,jm ,3,,1,,2,,,,,,,,,,,FALSE,0,,FALSE,1,2,FALSE,0,,,,,,,,,
5,102,,,4,,,2,2,,,,,,,,,,,20,1,3,10,1,2,FALSE,0,,,,,,,,,
5,103,,antiques,2,,,,2,,,,,,,,,,,FALSE,0,,FALSE,1,2,FALSE,0,,,,,,,,,
5,104,,,2,1,,1,,,,,,,,,,,,FALSE,1,2,FALSE,0,,FALSE,0,,,,,,,,,
5,104,,,2,1,,1,,,,,,,,,,,,FALSE,1,3,FALSE,0,,FALSE,0,,,,,,,,,
5,104,,,3,3,,,,,,,,,,,,,,FALSE,1,4,FALSE,0,,FALSE,0,,,,,,,,,
5,104,,,5,3,,,,2,1,"new, town",,,,,,,,FALSE,1,4,FALSE,0,,FALSE,0,,,,,,,,,
5,104,,,2,1,,1,,,,,,,,,,,,FALSE,1,3,FALSE,0,,FALSE,0,,,,,,,,,
5,105,,eleven,2,,,,2,,,,,,,,,,,FALSE,0,,FALSE,1,3,FALSE,0,,,,,,,,,
5,106,,,4,,,,4,,,,,,,,,,,FALSE,0,,FALSE,1,3,FALSE,0,,,,,,,,,
5,106,,,1,,,,1,,,,,,,,,,,FALSE,0,,FALSE,1,2,FALSE,0,,,,,,,,,
5,107,,,2,,,,2,,,,,,,,,,,FALSE,0,,FALSE,1,4,FALSE,0,,,,,,,,,
5,108,,,2,,,1,1,,,,,,,,,,,10,1,3,10,1,3,FALSE,0,,,,,,,,,
5,109,,,2,2,,,,,,,,,,,,,,FALSE,1,5,FALSE,0,,FALSE,0,,,,,,,,,
5,110,,,2,2,,,,,,,,,,,,,,FALSE,1,5,FALSE,0,,FALSE,0,,,,,,,,,
5,111,,,2,2,,,,,,,,,,,,,,FALSE,1,5,FALSE,0,,FALSE,0,,,,,,,,,
7,112,,,2,,,,2,,,,,,,,,,,FALSE,0,,FALSE,1,3,FALSE,0,,,,,,,,,
7,113,,jb,1,,,,1,,,,,,,,,,,FALSE,0,,FALSE,1,3,FALSE,0,,,,,,,,,
7,114,,oh,2,,2,,,,,,,,,,,,,FALSE,0,,FALSE,1,4,FALSE,0,,,,,,,,,
7,115,,actory,2,,,,2,,,,,,,,,,,FALSE,0,,FALSE,1,3,FALSE,0,,,,,,,,,
7,115,,,2,,,,2,,,,,,,,,,,FALSE,0,,FALSE,1,3,FALSE,0,,,,,,,,,
7,115,,,4,,,,2,,,,,,,,,,,FALSE,0,,10,1,3,20,1,3,,,2,,,,,
7,116,,,2,,,,2,,,,,,,,,,,FALSE,0,,FALSE,1,2,FALSE,0,,,,,,,,,
7,117,,,2,1,,,1,,,,,,,,,,,10,1,5,10,1,5,FALSE,0,,,,,,,,,
7,118,,,2,2,,,,,,,,,,,,,,FALSE,1,5,FALSE,0,,FALSE,0,,,,,,,,,
7,114,,,2,,2,,,,,,,,,,,,,FALSE,0,,FALSE,1,4,FALSE,0,,,,,,,,,
7,119,,,1,,,1,,,,,,,,,,,,FALSE,1,4,FALSE,0,,FALSE,0,,,,,,,,,
7,120,,,2,,,,2,,,,,,,,,,,FALSE,0,,FALSE,1,3,FALSE,0,,,,,,,,,
7,121,,,1,,1,,,,,,,,,,,,,FALSE,0,,FALSE,1,3,FALSE,0,,,,,,,,,
7,121,,,1,,1,,,,,,,,,,,,,FALSE,0,,FALSE,1,2,FALSE,0,,,,,,,,,
7,121,,,1,,1,,,,,,,,,,,,,FALSE,0,,FALSE,1,2,FALSE,0,,,,,,,,,
7,121,,,1,,1,,,,,,,,,,,,,FALSE,0,,FALSE,1,2,FALSE,0,,,,,,,,,
7,121,,,1,,1,,,,,,,,,,,,,FALSE,0,,FALSE,1,1,FALSE,0,,,,,,,,,
7,122,,,4,,1,,3,,,,,,,,,,,FALSE,0,,FALSE,1,2,FALSE,0,,,,,,,,,
7,122,,,3,,1,,2,,,,,,,,,,,FALSE,0,,FALSE,1,3,FALSE,0,,,,,,,,,
7,122,,,3,,,,3,,,,,,,,,,,FALSE,0,,FALSE,1,2,FALSE,0,,,,,,,,,
7,122,,,3,,1,,2,,,,,,,,,,,FALSE,0,,FALSE,1,2,FALSE,0,,,,,,,,,
7,122,,,3,,,,3,,,,,,,,,,,FALSE,0,,FALSE,1,3,FALSE,0,,,,,,,,,
7,122,,,3,,,,3,,,,,,,,,,,FALSE,0,,FALSE,1,4,FALSE,0,,,,,,,,,
7,122,,,1,,1,,,,,,,,,,,,,FALSE,0,,FALSE,1,2,FALSE,0,,,,,,,,,
7,123,,,1,,1,,,,,,,,,,,,,FALSE,0,,FALSE,1,2,FALSE,0,,,,,,,,,
7,124,,sorgo,3,1,,1,1,,,,,,,,,,,20,1,3,10,1,2,FALSE,0,,,,,,,,,
8,125,,slumdog,2,,,,2,,,,,,,,,,,FALSE,0,,FALSE,1,2,FALSE,0,,,,,,,,,
8,126,1,,6,,,,6,,,,,,,,,,,FALSE,0,,FALSE,1,3,FALSE,0,,,,,,,,,
8,126,1,,11,,3,,8,,,,,,,,,,,FALSE,0,,FALSE,1,4,FALSE,0,,,,,,,,,
8,127,,,2,,,,2,,,,,,,,,,,FALSE,0,,FALSE,1,1,FALSE,0,,,,,,,,,
8,127,,,4,2,,,2,,,,,,,,,,,20,1,3,10,1,1,FALSE,0,,,,,,,,,
8,127,,7-elven,2,2,,,,,,,,,,,,,,FALSE,1,4,FALSE,0,,FALSE,0,,,,,,,,,
8,128,,,1,1,,,,,,,,,,,,,,FALSE,1,4,FALSE,0,,FALSE,0,,,,,,,,,
8,129,,whisen,6,1,3,,,1,1,system,1,2,aircon,,,,,20,1,3,10,1,2,FALSE,0,,,,,,,,,
8,130,,coffee,6,,1,,5,,,,,,,,,,,FALSE,0,,FALSE,1,2,FALSE,0,,,,,,,,,
8,131,,consulting,2,1,,,,1,1,consulting,,,,,,,,FALSE,1,2,FALSE,0,,FALSE,0,,,,,,,,,
8,132,,chinese,3,1,,,,,,,,,,,,,,10,1,2,FALSE,0,,20,1,3,2,,,,,,,
8,132,,,1,1,,,,,,,,,,,,,,FALSE,1,3,FALSE,0,,FALSE,0,,,,,,,,,
8,131,,,5,4,,,,1,1,consulting,,,,,,,,FALSE,1,4,FALSE,0,,FALSE,0,,,,,,,,,
8,131,,,3,3,,,,,,,,,,,,,,FALSE,1,3,FALSE,0,,FALSE,0,,,,,,,,,
8,131,,,2,1,,,,1,1,consulting,,,,,,,,FALSE,1,2,FALSE,0,,FALSE,0,,,,,,,,,
8,132,,,3,1,,,2,,,,,,,,,,,10,1,2,20,1,4,FALSE,0,,,,,,,,,
8,133,,,3,2,,,,1,1,fusion,,,,,,,,FALSE,1,2,FALSE,0,,FALSE,0,,,,,,,,,
8,134,,,1,1,,,,,,,,,,,,,,FALSE,1,2,FALSE,0,,FALSE,0,,,,,,,,,
8,135,,,1,,,,,,,,,,,,,,,FALSE,0,,FALSE,0,,FALSE,1,2,,,,,,1,,
8,135,,,2,,,,,,,,,,,,,,,FALSE,0,,FALSE,0,,FALSE,1,3,,,,,,2,,
8,135,,,1,1,,,,,,,,,,,,,,FALSE,1,3,FALSE,0,,FALSE,0,,,,,,,,,
8,135,,,4,4,,,,,,,,,,,,,,FALSE,1,3,FALSE,0,,FALSE,0,,,,,,,,,
8,136,,,4,,,2,2,,,,,,,,,,,20,1,4,10,1,2,FALSE,0,,,,,,,,,
8,134,,,2,2,,,,,,,,,,,,,,FALSE,1,3,FALSE,0,,FALSE,0,,,,,,,,,
8,136,,,2,,,2,,,,,,,,,,,,FALSE,1,3,FALSE,0,,FALSE,0,,,,,,,,,
8,136,,,2,,,,2,,,,,,,,,,,FALSE,0,,FALSE,1,4,FALSE,0,,,,,,,,,
8,133,,,10,3,,,2,1,1,fusion,,,,,,,,10,1,3,20,1,3,20,1,3,2,2,,,,,,
8,137,,,2,,,,2,,,,,,,,,,,FALSE,0,,FALSE,1,3,FALSE,0,,,,,,,,,
8,137,,,2,,,,,2,1,"car, audio",,,,,,,,FALSE,1,2,FALSE,0,,FALSE,0,,,,,,,,,
8,138,,,2,,,,1,,,,,,,,,,,FALSE,0,,20,1,3,10,1,2,,1,,,,,,
8,138,,restaurant,1,1,,,,,,,,,,,,,,FALSE,1,1,FALSE,0,,FALSE,0,,,,,,,,,
8,138,,,6,3,,,3,,,,,,,,,,,10,1,3,10,1,3,FALSE,0,,,,,,,,,
8,139,,rosemary,3,,,,3,,,,,,,,,,,FALSE,0,,FALSE,1,2,FALSE,0,,,,,,,,,
8,140,,,2,1,,,,1,1,building,,,,,,,,FALSE,1,3,FALSE,0,,FALSE,0,,,,,,,,,
8,141,,,2,1,,,,1,1,interior,,,,,,,,FALSE,1,3,FALSE,0,,FALSE,0,,,,,,,,,
8,142,,,2,1,,,,1,1,craft,,,,,,,,FALSE,1,3,FALSE,0,,FALSE,0,,,,,,,,,
8,143,,,2,1,,,,1,1,vintage,,,,,,,,FALSE,1,3,FALSE,0,,FALSE,0,,,,,,,,,
8,144,,,2,,,1,,1,1,antique,,,,,,,,FALSE,1,3,FALSE,0,,FALSE,0,,,,,,,,,
8,145,,,2,,,1,,1,1,antique,,,,,,,,FALSE,1,3,FALSE,0,,FALSE,0,,,,,,,,,
8,146,,,2,,,1,,1,1,antique,,,,,,,,FALSE,1,3,FALSE,0,,FALSE,0,,,,,,,,,
8,139,,,9,,,,9,,,,,,,,,,,FALSE,0,,FALSE,1,4,FALSE,0,,,,,,,,,
8,147,,carole,1,,,1,,,,,,,,,,,,FALSE,1,3,FALSE,0,,FALSE,0,,,,,,,,,
9,147,,,2,,,1,1,,,,,,,,,,,10,1,3,10,1,3,FALSE,0,,,,,,,,,
9,147,,,2,,,,2,,,,,,,,,,,FALSE,0,,FALSE,1,3,FALSE,0,,,,,,,,,
9,148,,,6,,,,2,,,,,,,,,,,FALSE,0,,20,1,3,10,1,2,4,,,,,,,
9,149,,,4,,,,4,,,,,,,,,,,FALSE,0,,FALSE,1,3,FALSE,0,,,,,,,,,
9,150,,,2,2,,,,,,,,,,,,,,FALSE,1,2,FALSE,0,,FALSE,0,,,,,,,,,
9,150,,,4,4,,,,,,,,,,,,,,FALSE,1,2,FALSE,0,,FALSE,0,,,,,,,,,
9,151,,,1,1,,,,,,,,,,,,,,FALSE,1,2,FALSE,0,,FALSE,0,,,,,,,,,
9,147,,,2,,,,2,,,,,,,,,,,FALSE,0,,FALSE,1,3,FALSE,0,,,,,,,,,
9,147,,,3,3,,,,,,,,,,,,,,FALSE,1,3,FALSE,0,,FALSE,0,,,,,,,,,
9,151,,,3,2,1,,,,,,,,,,,,,10,1,2,20,1,2,FALSE,0,,,,,,,,,
9,152,,,2,2,,,,,,,,,,,,,,FALSE,1,4,FALSE,0,,FALSE,0,,,,,,,,,
9,149,,,2,,,,2,,,,,,,,,,,FALSE,0,,FALSE,1,4,FALSE,0,,,,,,,,,
9,152,,,2,2,,,,,,,,,,,,,,FALSE,1,3,FALSE,0,,FALSE,0,,,,,,,,,
9,153,,,3,3,,,,,,,,,,,,,,FALSE,1,3,FALSE,0,,FALSE,0,,,,,,,,,
9,154,,,5,2,,1,,,,,,,,,,,,10,1,2,FALSE,0,,10,1,2,1,1,,,,,,
9,155,,,1,1,,,,,,,,,,,,,,FALSE,1,1,FALSE,0,,FALSE,0,,,,,,,,,
9,155,,,1,1,,,,,,,,,,,,,,FALSE,1,2,FALSE,0,,FALSE,0,,,,,,,,,
9,155,,,4,,,,4,,,,,,,,,,,FALSE,0,,FALSE,1,4,FALSE,0,,,,,,,,,
9,155,,,4,4,,,,,,,,,,,,,,FALSE,1,3,FALSE,0,,FALSE,0,,,,,,,,,
9,156,,,12,2,,,,,,,,,,,,,,20,1,4,FALSE,0,,10,1,3,,10,,,,,,
9,157,,,2,1,,,,1,1,first,,,,,,,,FALSE,1,2,FALSE,0,,FALSE,0,,,,,,,,,
9,157,,,6,3,,1,,2,1,"new, town",,,,,,,,FALSE,1,3,FALSE,0,,FALSE,0,,,,,,,,,
9,157,,,2,2,,,,,,,,,,,,,,FALSE,1,3,FALSE,0,,FALSE,0,,,,,,,,,
9,157,,,4,4,,,,,,,,,,,,,,FALSE,1,3,FALSE,0,,FALSE,0,,,,,,,,,
9,157,,,3,,,,3,,,,,,,,,,,FALSE,0,,FALSE,1,4,FALSE,0,,,,,,,,,
9,158,,,3,,,,3,,,,,,,,,,,FALSE,0,,FALSE,1,3,FALSE,0,,,,,,,,,
9,158,,,6,,,,6,,,,,,,,,,,FALSE,0,,FALSE,1,4,FALSE,0,,,,,,,,,
9,159,,,4,3,,,1,,,,,,,,,,,10,1,1,10,1,1,FALSE,0,,,,,,,,,
9,159,,,2,,,,2,,,,,,,,,,,FALSE,0,,FALSE,1,4,FALSE,0,,,,,,,,,
9,160,,,3,,,,3,,,,,,,,,,,FALSE,0,,FALSE,1,2,FALSE,0,,,,,,,,,
9,159,,,3,,,,3,,,,,,,,,,,FALSE,0,,FALSE,1,3,FALSE,0,,,,,,,,,
9,160,,,4,3,,,,1,1,antique,,,,,,,,FALSE,1,1,FALSE,0,,FALSE,0,,,,,,,,,
9,161,,,10,,,,10,,,,,,,,,,,FALSE,0,,FALSE,1,3,FALSE,0,,,,,,,,,
9,161,,,5,5,,,,,,,,,,,,,,FALSE,1,3,FALSE,0,,FALSE,0,,,,,,,,,
9,162,,,2,2,,,,,,,,,,,,,,FALSE,1,1,FALSE,0,,FALSE,0,,,,,,,,,
9,162,,,5,5,,,,,,,,,,,,,,FALSE,1,2,FALSE,0,,FALSE,0,,,,,,,,,
9,163,,,4,,,,4,,,,,,,,,,,FALSE,0,,FALSE,1,3,FALSE,0,,,,,,,,,
9,163,,,6,,,,6,,,,,,,,,,,FALSE,0,,FALSE,1,4,FALSE,0,,,,,,,,,
9,164,,,6,4,1,,1,,,,,,,,,,,10,1,3,20,1,2,FALSE,0,,,,,,,,,
9,165,,,6,4,1,,1,,,,,,,,,,,10,1,3,20,1,2,FALSE,0,,,,,,,,,
9,165,,,3,,,,3,,,,,,,,,,,FALSE,0,,FALSE,1,2,FALSE,0,,,,,,,,,
9,166,,,2,,1,,1,,,,,,,,,,,FALSE,0,,FALSE,1,2,FALSE,0,,,,,,,,,
10,167,,,2,2,,,,,,,,,,,,,,FALSE,1,3,FALSE,0,,FALSE,0,,,,,,,,,
10,167,,,1,1,,,,,,,,,,,,,,FALSE,1,3,FALSE,0,,FALSE,0,,,,,,,,,
10,168,,,2,,,,2,,,,,,,,,,,FALSE,0,,FALSE,1,3,FALSE,0,,,,,,,,,
10,168,,,5,3,,,1,1,1,hello,,,,,,,,20,1,3,10,1,2,FALSE,0,,,,,,,,,
10,168,,,2,1,,,,1,1,hello,,,,,,,,FALSE,1,2,FALSE,0,,FALSE,0,,,,,,,,,
10,169,,,4,3,,,,1,2,super,,,,,,,,FALSE,1,2,FALSE,0,,FALSE,0,,,,,,,,,
10,169,,,2,1,,,,1,2,super,,,,,,,,FALSE,1,3,FALSE,0,,FALSE,0,,,,,,,,,
10,169,,,4,4,,,,,,,,,,,,,,FALSE,1,3,FALSE,0,,FALSE,0,,,,,,,,,
10,169,,,2,1,,,,1,2,super,,,,,,,,FALSE,1,2,FALSE,0,,FALSE,0,,,,,,,,,
10,170,,,5,5,,,,,,,,,,,,,,FALSE,1,5,FALSE,0,,FALSE,0,,,,,,,,,
10,171,,,2,2,,,,,,,,,,,,,,FALSE,1,3,FALSE,0,,FALSE,0,,,,,,,,,
10,172,,,6,3,,,3,,,,,,,,,,,10,1,4,20,1,4,FALSE,0,,,,,,,,,
10,173,,,4,4,,,,,,,,,,,,,,FALSE,1,5,FALSE,0,,FALSE,0,,,,,,,,,
10,174,,,2,,,,2,,,,,,,,,,,FALSE,0,,FALSE,1,3,FALSE,0,,,,,,,,,
10,174,,,3,1,,,1,1,1,taco,,,,,,,,10,1,3,20,1,4,FALSE,0,,,,,,,,,
10,168,,,2,1,,,1,,,,,,,,,,,10,1,2,20,1,4,FALSE,0,,,,,,,,,
10,175,,,9,7,,,,,,,,,,,,,,20,1,4,FALSE,0,,10,1,3,,2,,,,,,
10,175,,,3,1,,,1,1,1,tarot,,,,,,,,10,1,2,20,1,3,FALSE,0,,,,,,,,,
11,176,,home mart,5,,,,5,,,,,,,,,,,FALSE,0,,FALSE,1,2,FALSE,0,,,,,,,,,
11,176,,,5,,,,5,,,,,,,,,,,FALSE,0,,FALSE,1,2,FALSE,0,,,,,,,,,
11,176,,,5,,,,5,,,,,,,,,,,FALSE,0,,FALSE,1,2,FALSE,0,,,,,,,,,
11,177,,,3,3,,,,,,,,,,,,,,FALSE,1,4,FALSE,0,,FALSE,0,,,,,,,,,
11,177,,,2,2,,,,,,,,,,,,,,FALSE,1,2,FALSE,0,,FALSE,0,,,,,,,,,
11,178,,,2,,,,2,,,,,,,,,,,FALSE,0,,FALSE,1,2,FALSE,0,,,,,,,,,
11,178,,,1,1,,,,,,,,,,,,,,FALSE,1,2,FALSE,0,,FALSE,0,,,,,,,,,
11,178,,,1,1,,,,,,,,,,,,,,FALSE,1,2,FALSE,0,,FALSE,0,,,,,,,,,
11,178,,,2,,,,2,,,,,,,,,,,FALSE,0,,FALSE,1,3,FALSE,0,,,,,,,,,
11,178,,,1,,,,1,,,,,,,,,,,FALSE,0,,FALSE,1,3,FALSE,0,,,,,,,,,
11,179,,,7,7,,,,,,,,,,,,,,FALSE,1,3,FALSE,0,,FALSE,0,,,,,,,,,
11,179,,,1,1,,,,,,,,,,,,,,FALSE,1,1,FALSE,0,,FALSE,0,,,,,,,,,
11,179,,,3,3,,,,,,,,,,,,,,FALSE,1,3,FALSE,0,,FALSE,0,,,,,,,,,
11,179,,,1,1,,,,,,,,,,,,,,FALSE,1,3,FALSE,0,,FALSE,0,,,,,,,,,
11,180,,,3,1,,,2,,,,,,,,,,,10,1,3,10,1,3,FALSE,0,,,,,,,,,
11,180,,,1,1,,,,,,,,,,,,,,FALSE,1,3,FALSE,0,,FALSE,0,,,,,,,,,
11,180,,,5,,,,5,,,,,,,,,,,FALSE,0,,FALSE,1,3,FALSE,0,,,,,,,,,
11,180,,,3,,,,3,,,,,,,,,,,FALSE,0,,FALSE,1,3,FALSE,0,,,,,,,,,
11,180,,,3,1,,,,,,,,,,,,,,10,1,3,FALSE,0,,10,1,3,2,,,,,,,
11,180,,,3,,,,3,,,,,,,,,,,FALSE,0,,FALSE,1,2,FALSE,0,,,,,,,,,
11,180,,,7,4,,,2,,,,,,,,,,,10,1,2,20,1,2,30,1,2,1,,,,,,,
11,181,,,3,2,,,,1,1,live,,,,,,,,FALSE,1,2,FALSE,0,,FALSE,0,,,,,,,,,
11,181,,,2,,,,2,,,,,,,,,,,FALSE,0,,FALSE,1,3,FALSE,0,,,,,,,,,
11,181,,,2,,,,2,,,,,,,,,,,FALSE,0,,FALSE,1,3,FALSE,0,,,,,,,,,
11,181,,,3,,,,3,,,,,,,,,,,FALSE,0,,FALSE,1,3,FALSE,0,,,,,,,,,
11,180,,,4,,,,4,,,,,,,,,,,FALSE,0,,30,1,4,FALSE,0,,,,,,,,,
11,181,,,7,4,,,2,,,,,,,,,,,10,1,3,20,1,3,30,1,3,1,,,,,,,
11,182,,,1,,,1,,,,,,,,,,,,FALSE,1,1,FALSE,0,,FALSE,0,,,,,,,,,
11,182,,,3,3,,,,,,,,,,,,,,FALSE,1,3,FALSE,0,,FALSE,0,,,,,,,,,
11,183,,,3,3,,,,,,,,,,,,,,FALSE,1,1,FALSE,0,,FALSE,0,,,,,,,,,
11,184,,,2,,,,2,,,,,,,,,,,FALSE,0,,FALSE,1,1,FALSE,0,,,,,,,,,
11,184,,,8,8,,,,,,,,,,,,,,FALSE,1,3,FALSE,0,,FALSE,0,,,,,,,,,
11,184,,,2,,,,,2,1,"home, mart",,,,,,,,FALSE,1,1,FALSE,0,,FALSE,0,,,,,,,,,
11,184,,,2,,,,2,,,,,,,,,,,FALSE,0,,FALSE,1,3,FALSE,0,,,,,,,,,
11,184,,,2,,,,2,,,,,,,,,,,FALSE,0,,FALSE,1,3,FALSE,0,,,,,,,,,
11,184,,,2,,,,2,,,,,,,,,,,FALSE,0,,FALSE,1,3,FALSE,0,,,,,,,,,
11,184,,,3,3,,,,,,,,,,,,,,FALSE,1,3,FALSE,0,,FALSE,0,,,,,,,,,
11,184,,,3,3,,,,,,,,,,,,,,FALSE,1,3,FALSE,0,,FALSE,0,,,,,,,,,
11,184,,,11,,,,9,2,1,"home, mart",,,,,,,,10,1,1,20,1,4,FALSE,0,,,,,,,,,
11,185,,,3,,,,3,,,,,,,,,,,FALSE,0,,FALSE,1,3,FALSE,0,,,,,,,,,
11,186,,,4,2,,,2,,,,,,,,,,,10,1,3,10,1,3,FALSE,0,,,,,,,,,
11,186,,,2,,,,2,,,,,,,,,,,FALSE,0,,FALSE,1,2,FALSE,0,,,,,,,,,
11,187,,,2,1,,,,1,2,mart,,,,,,,,FALSE,1,1,FALSE,0,,FALSE,0,,,,,,,,,
11,187,,,4,,,,4,,,,,,,,,,,FALSE,0,,FALSE,1,3,FALSE,0,,,,,,,,,
11,188,,,1,1,,,,,,,,,,,,,,FALSE,1,3,FALSE,0,,FALSE,0,,,,,,,,,
11,189,,,2,2,,,,,,,,,,,,,,FALSE,1,4,FALSE,0,,FALSE,0,,,,,,,,,
11,190,,,1,1,,,,,,,,,,,,,,FALSE,1,1,FALSE,0,,FALSE,0,,,,,,,,,
11,191,,,5,3,,2,,,,,,,,,,,,FALSE,1,3,FALSE,0,,FALSE,0,,,,,,,,,
11,192,,,0,,,,,,,,,,,,,,,FALSE,0,,FALSE,0,,FALSE,0,,,,,,,,,
11,193,,,2,,,,,2,1,"John's, dumpling",,,,,,,,FALSE,1,2,FALSE,0,,FALSE,0,,,,,,,,,
11,194,,,4,,,,4,,,,,,,,,,,FALSE,0,,FALSE,1,1,FALSE,0,,,,,,,,,
11,194,,,4,,,,4,,,,,,,,,,,FALSE,0,,FALSE,1,3,FALSE,0,,,,,,,,,
11,194,,,21,12,,,9,,,,,,,,,,,20,1,4,10,1,4,FALSE,0,,,,,,,,,
11,195,,,7,2,,,3,1,1,restaurant,,,,,,,,10,1,2,10,1,2,10,1,,,,,,,,1,
11,196,,bottle mania,2,,,,2,,,,,,,,,,,FALSE,0,,FALSE,1,2,FALSE,0,,,,,,,,,
11,196,,,3,3,,,,,,,,,,,,,,FALSE,1,2,FALSE,0,,FALSE,0,,,,,,,,,
11,196,,,1,,,,1,,,,,,,,,,,FALSE,0,,FALSE,1,3,FALSE,0,,,,,,,,,
11,196,,,2,2,,,,,,,,,,,,,,FALSE,1,4,FALSE,0,,FALSE,0,,,,,,,,,
11,196,,,2,2,,,,,,,,,,,,,,FALSE,1,4,FALSE,0,,FALSE,0,,,,,,,,,
11,197,,,3,3,,,,,,,,,,,,,,FALSE,1,3,FALSE,0,,FALSE,0,,,,,,,,,
11,197,,,14,3,,,11,,,,,,,,,,,10,1,3,20,1,4,FALSE,0,,,,,,,,,
11,198,,,1,1,,,,,,,,,,,,,,FALSE,1,2,FALSE,0,,FALSE,0,,,,,,,,,
11,197,,,5,,,,4,,,,,,,,,,,FALSE,0,,10,1,4,20,1,,,,,,,,1,
11,197,,,5,,,,4,,,,,,,,,,,FALSE,0,,10,1,4,20,1,,,,,,,,1,
11,199,,,4,,,,4,,,,,,,,,,,FALSE,0,,FALSE,1,2,FALSE,0,,,,,,,,,
11,199,,,2,,,,2,,,,,,,,,,,FALSE,0,,FALSE,1,3,FALSE,0,,,,,,,,,
11,199,,,3,,,,3,,,,,,,,,,,FALSE,0,,FALSE,1,3,FALSE,0,,,,,,,,,
11,200,,,3,,,,,,,,,,,,,,,FALSE,0,,FALSE,0,,FALSE,1,3,,,3,,,,,
11,199,,,2,,,,2,,,,,,,,,,,FALSE,0,,FALSE,1,2,FALSE,0,,,,,,,,,
11,199,,,1,,,,1,,,,,,,,,,,FALSE,0,,FALSE,1,3,FALSE,0,,,,,,,,,
11,199,,,5,,,,5,,,,,,,,,,,FALSE,0,,FALSE,1,3,FALSE,0,,,,,,,,,
11,201,,,5,3,,,1,1,4,PC bang,,,,,,,,20,1,2,10,1,2,FALSE,0,,,,,,,,,
11,199,,,2,,,,2,,,,,,,,,,,FALSE,0,,FALSE,1,2,FALSE,0,,,,,,,,,
11,202,,,4,2,2,,,,,,,,,,,,,10,1,1,10,1,1,FALSE,0,,,,,,,,,
11,203,,halmae,2,2,,,,,,,,,,,,,,FALSE,1,1,FALSE,0,,FALSE,0,,,,,,,,,
11,203,,,3,3,,,,,,,,,,,,,,FALSE,1,1,FALSE,0,,FALSE,0,,,,,,,,,
11,203,,,3,3,,,,,,,,,,,,,,FALSE,1,2,FALSE,0,,FALSE,0,,,,,,,,,
11,204,,,2,2,,,,,,,,,,,,,,FALSE,1,2,FALSE,0,,FALSE,0,,,,,,,,,
11,205,,karaoke,3,2,,,,1,1,boss,,,,,,,,FALSE,1,1,FALSE,0,,FALSE,0,,,,,,,,,
11,206,,dangol,2,2,,,,,,,,,,,,,,FALSE,1,1,FALSE,0,,FALSE,0,,,,,,,,,
11,207,,,4,4,,,,,,,,,,,,,,FALSE,1,1,FALSE,0,,FALSE,0,,,,,,,,,
11,208,,,1,,,,,,,,,,,,,,,FALSE,0,,FALSE,0,,FALSE,1,1,,,1,,,,,
11,209,,,3,3,,,,,,,,,,,,,,FALSE,1,1,FALSE,0,,FALSE,0,,,,,,,,,
11,210,,,2,2,,,,,,,,,,,,,,FALSE,1,2,FALSE,0,,FALSE,0,,,,,,,,,
11,210,,,2,2,,,,,,,,,,,,,,FALSE,1,2,FALSE,0,,FALSE,0,,,,,,,,,
11,210,,,3,3,,,,,,,,,,,,,,FALSE,1,2,FALSE,0,,FALSE,0,,,,,,,,,
11,211,,,2,2,,,,,,,,,,,,,,FALSE,1,5,FALSE,0,,FALSE,0,,,,,,,,,
11,212,,,2,2,,,,,,,,,,,,,,FALSE,1,5,FALSE,0,,FALSE,0,,,,,,,,,
11,213,,,1,1,,,,,,,,,,,,,,FALSE,1,5,FALSE,0,,FALSE,0,,,,,,,,,
11,214,,,3,,2,,1,,,,,,,,,,,FALSE,0,,FALSE,1,2,FALSE,0,,,,,,,,,
11,215,,,1,,,,1,,,,,,,,,,,FALSE,0,,FALSE,1,2,FALSE,0,,,,,,,,,
11,216,,,3,2,1,,,,,,,,,,,,,10,1,3,10,1,3,FALSE,0,,,,,,,,,
11,216,,,3,2,1,,,,,,,,,,,,,10,1,3,10,1,3,FALSE,0,,,,,,,,,
11,216,,,3,2,1,,,,,,,,,,,,,10,1,3,10,1,3,FALSE,0,,,,,,,,,
11,217,,,1,,,,,1,2,white day,,,,,,,,FALSE,1,3,FALSE,0,,FALSE,0,,,,,,,,,
11,217,,,3,,1,,2,,,,,,,,,,,FALSE,0,,FALSE,1,3,FALSE,0,,,,,,,,,
11,217,,,1,,1,,,,,,,,,,,,,FALSE,0,,FALSE,1,2,FALSE,0,,,,,,,,,
11,218,,,2,,,,2,,,,,,,,,,,FALSE,0,,FALSE,1,2,FALSE,0,,,,,,,,,
11,218,,,2,,,,2,,,,,,,,,,,FALSE,0,,FALSE,1,2,FALSE,0,,,,,,,,,
11,219,,,2,2,,,,,,,,,,,,,,FALSE,1,2,FALSE,0,,FALSE,0,,,,,,,,,
11,220,,,4,2,,1,1,,,,,,,,,,,10,1,3,20,1,4,FALSE,0,,,,,,,,,
11,221,,,3,,,1,,2,1,"home, fashion",,,,,,,,FALSE,1,2,FALSE,0,,FALSE,0,,,,,,,,,
11,222,,,4,4,,,,,,,,,,,,,,FALSE,1,3,FALSE,0,,FALSE,0,,,,,,,,,
11,222,,,4,,,2,1,,,,,,,,,,,10,1,2,20,1,4,10,1,2,,,,,1,,,
11,222,,,2,,,,2,,,,,,,,,,,FALSE,0,,FALSE,1,3,FALSE,0,,,,,,,,,
11,222,,,2,,,,1,,,,,,,,,,,FALSE,0,,20,1,4,10,1,3,,,,,1,,,
11,223,,,6,,,,6,,,,,,,,,,,FALSE,0,,FALSE,1,3,FALSE,0,,,,,,,,,
11,223,,,2,,,,2,,,,,,,,,,,FALSE,0,,FALSE,1,3,FALSE,0,,,,,,,,,
11,223,,,2,,,,2,,,,,,,,,,,FALSE,0,,FALSE,1,3,FALSE,0,,,,,,,,,
11,223,,,4,4,,,,,,,,,,,,,,FALSE,1,4,FALSE,0,,FALSE,0,,,,,,,,,
11,223,,,4,,,,4,,,,,,,,,,,FALSE,0,,FALSE,1,4,FALSE,0,,,,,,,,,
11,223,,,4,,,,4,,,,,,,,,,,FALSE,0,,FALSE,1,4,FALSE,0,,,,,,,,,
11,223,,,4,,,,4,,,,,,,,,,,FALSE,0,,FALSE,1,4,FALSE,0,,,,,,,,,
11,223,,,5,,,,5,,,,,,,,,,,FALSE,0,,FALSE,1,4,FALSE,0,,,,,,,,,
11,223,,,1,,,,1,,,,,,,,,,,FALSE,0,,FALSE,1,3,FALSE,0,,,,,,,,,
11,223,,,2,,,,2,,,,,,,,,,,FALSE,0,,FALSE,1,1,FALSE,0,,,,,,,,,
11,223,,,2,,,,2,,,,,,,,,,,FALSE,0,,FALSE,1,3,FALSE,0,,,,,,,,,
11,224,,,4,,,,3,1,1,wow,,,,,,,,10,1,2,20,1,2,FALSE,0,,,,,,,,,
11,224,,,3,,,,3,,,,,,,,,,,FALSE,0,,FALSE,1,3,FALSE,0,,,,,,,,,
11,224,,,2,1,,,,1,1,wow,,,,,,,,FALSE,1,2,FALSE,0,,FALSE,0,,,,,,,,,
11,224,,,1,,,,,1,1,wow,,,,,,,,FALSE,1,3,FALSE,0,,FALSE,0,,,,,,,,,
11,224,,,2,,,,2,,,,,,,,,,,FALSE,0,,FALSE,1,3,FALSE,0,,,,,,,,,
11,225,,,21,21,,,,,,,,,,,,,,FALSE,1,4,FALSE,0,,FALSE,0,,,,,,,,,
11,225,,,2,2,,,,,,,,,,,,,,FALSE,1,3,FALSE,0,,FALSE,0,,,,,,,,,
11,225,,,8,,2,,6,,,,,,,,,,,FALSE,0,,FALSE,1,3,FALSE,0,,,,,,,,,
11,225,,,2,2,,,,,,,,,,,,,,FALSE,1,3,FALSE,0,,FALSE,0,,,,,,,,,
11,225,,,1,1,,,,,,,,,,,,,,FALSE,1,2,FALSE,0,,FALSE,0,,,,,,,,,
11,227,,,5,,,,5,,,,,,,,,,,FALSE,0,,FALSE,1,3,FALSE,0,,,,,,,,,
11,227,,,3,,,,3,,,,,,,,,,,FALSE,0,,FALSE,1,2,FALSE,0,,,,,,,,,
11,226,,,5,5,,,,,,,,,,,,,,FALSE,1,3,FALSE,0,,FALSE,0,,,,,,,,,
11,226,,,12,12,,,,,,,,,,,,,,FALSE,1,3,FALSE,0,,FALSE,0,,,,,,,,,
11,228,,,7,7,,,,,,,,,,,,,,FALSE,1,3,FALSE,0,,FALSE,0,,,,,,,,,
11,229,,,3,,,,3,,,,,,,,,,,FALSE,0,,FALSE,1,2,FALSE,0,,,,,,,,,
11,229,,,1,,,,1,,,,,,,,,,,FALSE,0,,FALSE,1,2,FALSE,0,,,,,,,,,
11,229,,,1,,,,1,,,,,,,,,,,FALSE,0,,FALSE,1,4,FALSE,0,,,,,,,,,
11,229,,,3,,,,3,,,,,,,,,,,FALSE,0,,FALSE,1,3,FALSE,0,,,,,,,,,
11,230,,,3,,,,3,,,,,,,,,,,FALSE,0,,FALSE,1,1,FALSE,0,,,,,,,,,
11,230,,,1,,,,1,,,,,,,,,,,FALSE,0,,FALSE,1,1,FALSE,0,,,,,,,,,
11,231,,,3,3,,,,,,,,,,,,,,FALSE,1,3,FALSE,0,,FALSE,0,,,,,,,,,
11,231,,,2,,,1,,,,,,,,,,,,20,1,3,FALSE,0,,10,3,,,,,1,,,,
11,231,,,7,3,,1,2,,,,,,,,,,,20,1,3,30,1,3,10,1,1,,,,1,,,,
11,231,,,1,,,,,,,,,,,,,,,FALSE,0,,FALSE,0,,FALSE,1,3,,,,1,,,,
11,232,,,4,1,1,,2,,,,,,,,,,,10,1,2,20,1,2,FALSE,0,,,,,,,,,
11,232,,,4,1,1,,2,,,,,,,,,,,10,1,2,20,1,2,FALSE,0,,,,,,,,,
11,232,,,4,1,1,,2,,,,,,,,,,,10,1,2,20,1,2,FALSE,0,,,,,,,,,
11,232,,,4,1,1,,2,,,,,,,,,,,10,1,2,20,1,2,FALSE,0,,,,,,,,,
11,233,,olive young ,3,,1,,2,,,,,,,,,,,FALSE,0,,FALSE,1,2,FALSE,0,,,,,,,,,
11,234,,,5,,,,5,,,,,,,,,,,FALSE,0,,FALSE,1,3,FALSE,0,,,,,,,,,
11,234,,,2,,,,2,,,,,,,,,,,FALSE,0,,FALSE,1,2,FALSE,0,,,,,,,,,
11,235,,twosome place,3,,,,3,,,,,,,,,,,FALSE,0,,FALSE,1,2,FALSE,0,,,,,,,,,
11,235,,,4,2,,2,,,,,,,,,,,,FALSE,1,4,FALSE,0,,FALSE,0,,,,,,,,,
11,236,,,2,,,,2,,,,,,,,,,,FALSE,0,,FALSE,1,1,FALSE,0,,,,,,,,,
11,237,,kb,4,2,2,,,,,,,,,,,,,10,1,1,10,1,1,FALSE,0,,,,,,,,,
11,237,,gecko,8,,,,8,,,,,,,,,,,FALSE,0,,FALSE,1,3,FALSE,0,,,,,,,,,
11,238,,movie poster,4,1,3,,,,,,,,,,,,,10,1,2,20,1,3,FALSE,0,,,,,,,,,
11,239,,,4,2,,,2,,,,,,,,,,,20,1,3,10,1,3,FALSE,0,,,,,,,,,
11,240,,,2,2,,,,,,,,,,,,,,FALSE,1,3,FALSE,0,,FALSE,0,,,,,,,,,
11,241,,,1,1,,,,,,,,,,,,,,FALSE,1,3,FALSE,0,,FALSE,0,,,,,,,,,
11,241,,,1,1,,,,,,,,,,,,,,FALSE,1,1,FALSE,0,,FALSE,0,,,,,,,,,
11,241,,,2,,,,2,,,,,,,,,,,FALSE,0,,FALSE,1,2,FALSE,0,,,,,,,,,
11,242,,,4,2,,,2,,,,,,,,,,,20,1,3,10,1,2,FALSE,0,,,,,,,,,
11,242,,,3,,1,,2,,,,,,,,,,,FALSE,0,,FALSE,1,3,FALSE,0,,,,,,,,,
11,242,,,1,1,,,,,,,,,,,,,,FALSE,1,3,FALSE,0,,FALSE,0,,,,,,,,,
11,242,,,2,1,,,,1,1,exchange,,,,,,,,FALSE,1,3,FALSE,0,,FALSE,0,,,,,,,,,
11,243,,,2,2,,,,,,,,,,,,,,FALSE,1,2,FALSE,0,,FALSE,0,,,,,,,,,
11,243,,,1,1,,,,,,,,,,,,,,FALSE,1,1,FALSE,0,,FALSE,0,,,,,,,,,
11,243,,,2,2,,,,,,,,,,,,,,FALSE,1,3,FALSE,0,,FALSE,0,,,,,,,,,
11,243,,,1,1,,,,,,,,,,,,,,FALSE,1,3,FALSE,0,,FALSE,0,,,,,,,,,
11,244,,,2,,,,1,1,1,engineering,,,,,,,,10,1,3,10,1,3,FALSE,0,,,,,,,,,
11,245,,,2,1,,,1,,,,,,,,,,,10,1,1,20,1,3,FALSE,0,,,,,,,,,
11,246,,,3,2,,,1,,,,,,,,,,,10,1,2,20,1,3,FALSE,0,,,,,,,,,
11,246,,,1,1,,,,,,,,,,,,,,FALSE,1,3,FALSE,0,,FALSE,0,,,,,,,,,
11,246,,,1,1,,,,,,,,,,,,,,FALSE,1,3,FALSE,0,,FALSE,0,,,,,,,,,
11,247,,cave,3,,,,3,,,,,,,,,,,FALSE,0,,FALSE,1,1,FALSE,0,,,,,,,,,
11,247,,,5,,,,5,,,,,,,,,,,FALSE,0,,FALSE,1,3,FALSE,0,,,,,,,,,
11,248,,,2,1,,,,,,,,,,,,,,20,1,4,FALSE,0,,10,1,1,1,,,,,,,
12,249,,,6,,,,6,,,,,,,,,,,FALSE,0,,FALSE,1,3,FALSE,0,,,,,,,,,
12,249,,,2,,,,2,,,,,,,,,,,FALSE,0,,FALSE,1,2,FALSE,0,,,,,,,,,
12,249,,,2,,,,2,,,,,,,,,,,FALSE,0,,FALSE,1,3,FALSE,0,,,,,,,,,
12,249,,,2,,,,2,,,,,,,,,,,FALSE,0,,FALSE,1,3,FALSE,0,,,,,,,,,
12,249,,,2,,,,2,,,,,,,,,,,FALSE,0,,FALSE,1,3,FALSE,0,,,,,,,,,
12,250,,,3,2,,,,1,1,central,,,,,,,,FALSE,1,2,FALSE,0,,FALSE,0,,,,,,,,,
12,250,,,3,2,,,,1,1,central,,,,,,,,FALSE,1,2,FALSE,0,,FALSE,0,,,,,,,,,
12,250,,,3,3,,,,,,,,,,,,,,FALSE,1,3,FALSE,0,,FALSE,0,,,,,,,,,
12,250,,,3,3,,,,,,,,,,,,,,FALSE,1,3,FALSE,0,,FALSE,0,,,,,,,,,
12,250,,,2,,,,2,,,,,,,,,,,FALSE,0,,FALSE,1,2,FALSE,0,,,,,,,,,
12,250,,,2,,,,2,,,,,,,,,,,FALSE,0,,FALSE,1,2,FALSE,0,,,,,,,,,
12,250,,,6,2,,,,1,1,"new, town",,,,,,,,10,1,3,FALSE,0,,20,1,3,3,,,,,,,
12,251,,,5,,,,2,,,,,,,,,,,FALSE,0,,20,1,2,10,1,3,3,,,,,,,
12,252,,,7,2,,1,3,1,1,line,,,,,,,,10,1,2,20,1,3,FALSE,0,,,,,,,,,
12,252,,,2,2,,,,,,,,,,,,,,FALSE,1,3,FALSE,0,,FALSE,0,,,,,,,,,
12,252,,,12,,,,12,,,,,,,,,,,FALSE,0,,FALSE,1,4,FALSE,0,,,,,,,,,
12,252,,,16,16,,,,,,,,,,,,,,FALSE,1,4,FALSE,0,,FALSE,0,,,,,,,,,
12,252,,,2,,,,2,,,,,,,,,,,FALSE,0,,FALSE,1,3,FALSE,0,,,,,,,,,
12,252,,,3,,,,3,,,,,,,,,,,FALSE,0,,FALSE,1,3,FALSE,0,,,,,,,,,
12,252,,,3,,,,,,,,,,,,,,,FALSE,0,,FALSE,0,,FALSE,1,3,3,,,,,,,
12,252,,,5,2,,1,2,,,,,,,,,,,20,1,3,10,1,2,FALSE,0,,,,,,,,,
12,253,,,2,2,,,,,,,,,,,,,,FALSE,1,5,FALSE,0,,FALSE,0,,,,,,,,,
12,254,,,2,2,,,,,,,,,,,,,,FALSE,1,5,FALSE,0,,FALSE,0,,,,,,,,,
12,255,,,1,1,,,,,,,,,,,,,,FALSE,1,5,FALSE,0,,FALSE,0,,,,,,,,,
12,256,,,3,,,,2,,,,,,,,,,,FALSE,0,,20,1,4,10,1,3,,,,,1,,,
12,257,,,4,2,,,2,,,,,,,,,,,20,1,2,10,1,2,FALSE,0,,,,,,,,,
12,258,,billiard,2,,,,2,,,,,,,,,,,FALSE,0,,FALSE,1,2,FALSE,0,,,,,,,,,
12,257,,,2,,,,2,,,,,,,,,,,FALSE,0,,FALSE,1,2,FALSE,0,,,,,,,,,
12,259,1,,1,,,,1,,,,,,,,,,,FALSE,0,,FALSE,1,1,FALSE,0,,,,,,,,,
12,259,1,,12,2,,,10,,,,,,,,,,,20,1,3,10,1,3,FALSE,0,,,,,,,,,
12,260,,pap johns,2,,,2,,,,,,,,,,,,FALSE,1,3,FALSE,0,,FALSE,0,,,,,,,,,
12,260,,,2,,,2,,,,,,,,,,,,FALSE,1,2,FALSE,0,,FALSE,0,,,,,,,,,
12,261,,thai massage,2,,,,2,,,,,,,,,,,FALSE,0,,FALSE,1,1,FALSE,0,,,,,,,,,
14,261,,,5,4,,,,1,1,couple,,,,,,,,FALSE,1,2,FALSE,0,,FALSE,0,,,,,,,,,
14,262,,,2,,,1,1,,,,,,,,,,,10,1,2,10,1,2,FALSE,0,,,,,,,,,
14,263,,,6,,,3,3,,,,,,,,,,,20,1,3,10,1,2,FALSE,0,,,,,,,,,
14,263,,,1,,,,1,,,,,,,,,,,FALSE,0,,FALSE,1,3,FALSE,0,,,,,,,,,
14,263,,,3,,,,3,,,,,,,,,,,FALSE,0,,FALSE,1,2,FALSE,0,,,,,,,,,
14,263,,,6,,,,6,,,,,,,,,,,FALSE,0,,FALSE,1,4,FALSE,0,,,,,,,,,
14,264,,,1,1,,,,,,,,,,,,,,FALSE,1,2,FALSE,0,,FALSE,0,,,,,,,,,
14,260,,,2,,,,2,,,,,,,,,,,FALSE,0,,FALSE,1,2,FALSE,0,,,,,,,,,
14,261,,,4,2,,,,1,1,first,1,2,service,,,,,FALSE,1,3,FALSE,0,,FALSE,0,,,,,,,,,
14,262,,,1,,,,1,,,,,,,,,,,FALSE,0,,FALSE,1,1,FALSE,0,,,,,,,,,
14,263,,,6,,,,6,,,,,,,,,,,FALSE,0,,FALSE,1,3,FALSE,0,,,,,,,,,
14,264,,,4,3,,,,,,,,,,,,,,20,1,2,FALSE,0,,10,1,1,1,,,,,,,
14,264,,,6,2,,,2,1,1,bacon,,,,,,,,30,1,2,20,1,2,10,1,1,1,,,,,,,
14,265,,,11,8,,,3,,,,,,,,,,,10,1,5,10,1,5,FALSE,0,,,,,,,,,
14,266,,,1,1,,,,,,,,,,,,,,FALSE,1,2,FALSE,0,,FALSE,0,,,,,,,,,
14,267,,,3,3,,,,,,,,,,,,,,FALSE,1,2,FALSE,0,,FALSE,0,,,,,,,,,
14,264,,,4,,,,4,,,,,,,,,,,FALSE,0,,FALSE,1,4,FALSE,0,,,,,,,,,
14,263,,,3,,,,3,,,,,,,,,,,FALSE,0,,FALSE,1,4,FALSE,0,,,,,,,,,
14,263,,,3,,,,3,,,,,,,,,,,FALSE,0,,FALSE,1,3,FALSE,0,,,,,,,,,
14,264,,,1,,,,1,,,,,,,,,,,FALSE,0,,FALSE,1,3,FALSE,0,,,,,,,,,
14,265,,,2,,,,2,,,,,,,,,,,FALSE,0,,FALSE,1,2,FALSE,0,,,,,,,,,
14,266,,,1,,,,1,,,,,,,,,,,FALSE,0,,FALSE,1,2,FALSE,0,,,,,,,,,
14,266,,,2,1,,1,,,,,,,,,,,,FALSE,1,2,FALSE,0,,FALSE,0,,,,,,,,,
14,264,,,1,,,,1,,,,,,,,,,,FALSE,0,,FALSE,1,2,FALSE,0,,,,,,,,,
14,265,,,12,9,,,3,,,,,,,,,,,10,1,5,10,1,5,FALSE,0,,,,,,,,,
14,266,,,8,4,,,4,,,,,,,,,,,10,1,5,20,1,5,FALSE,0,,,,,,,,,
14,267,,,8,6,,,,2,1,"car, center",,,,,,,,FALSE,1,1,FALSE,0,,FALSE,0,,,,,,,,,
14,267,,,11,10,,,,1,1,oil,,,,,,,,FALSE,1,3,FALSE,0,,FALSE,0,,,,,,,,,
14,267,,,3,3,,,,,,,,,,,,,,FALSE,1,2,FALSE,0,,FALSE,0,,,,,,,,,
14,267,,,3,1,,,,2,1,"car, center",,,,,,,,FALSE,1,3,FALSE,0,,FALSE,0,,,,,,,,,
14,268,,,2,2,,,,,,,,,,,,,,FALSE,1,2,FALSE,0,,FALSE,0,,,,,,,,,
14,268,,,1,1,,,,,,,,,,,,,,FALSE,1,2,FALSE,0,,FALSE,0,,,,,,,,,
14,269,,,12,,,,6,,,,,,,,,,,FALSE,0,,10,1,3,10,1,3,6,,,,,,,
58,270,,,4,,,,4,,,,,,,,,,,FALSE,0,,FALSE,1,3,FALSE,0,,,,,,,,,
58,270,,,2,,,,2,,,,,,,,,,,FALSE,0,,FALSE,1,1,FALSE,0,,,,,,,,,
58,270,,,2,,,,2,,,,,,,,,,,FALSE,0,,FALSE,1,1,FALSE,0,,,,,,,,,
58,271,,,2,2,,,,,,,,,,,,,,FALSE,1,2,FALSE,0,,FALSE,0,,,,,,,,,
58,271,,,2,2,,,,,,,,,,,,,,FALSE,1,2,FALSE,0,,FALSE,0,,,,,,,,,
58,272,,,3,1,,,,2,1,"world, town",,,,,,,,FALSE,1,2,FALSE,0,,FALSE,0,,,,,,,,,
58,273,,,1,,,,1,,,,,,,,,,,FALSE,0,,FALSE,1,2,FALSE,0,,,,,,,,,
58,273,,,1,,,,1,,,,,,,,,,,FALSE,0,,FALSE,1,2,FALSE,0,,,,,,,,,
58,273,,,4,,,,2,,,,,,,,,,,FALSE,0,,20,1,3,10,1,2,,,2,,,,,
58,273,,,1,,,,1,,,,,,,,,,,FALSE,0,,FALSE,1,2,FALSE,0,,,,,,,,,
58,273,,,2,,,,2,,,,,,,,,,,FALSE,0,,FALSE,1,2,FALSE,0,,,,,,,,,
58,273,,,3,,,,3,,,,,,,,,,,FALSE,0,,FALSE,1,3,FALSE,0,,,,,,,,,
58,274,,,5,5,,,,,,,,,,,,,,FALSE,1,2,FALSE,0,,FALSE,0,,,,,,,,,
58,275,,,5,4,,,,1,1,home,,,,,,,,FALSE,1,1,FALSE,0,,FALSE,0,,,,,,,,,
58,276,,,13,12,,,,,,,,,,,,,,10,1,3,FALSE,0,,10,1,3,,,1,,,,,
58,277,,,5,,,,5,,,,,,,,,,,FALSE,0,,FALSE,1,3,FALSE,0,,,,,,,,,
58,277,,,6,2,,,4,,,,,,,,,,,10,1,3,10,1,3,FALSE,0,,,,,,,,,
58,277,,,5,,,,5,,,,,,,,,,,FALSE,0,,FALSE,1,3,FALSE,0,,,,,,,,,
58,278,,,2,2,,,,,,,,,,,,,,FALSE,1,1,FALSE,0,,FALSE,0,,,,,,,,,
58,278,,,1,,,,1,,,,,,,,,,,FALSE,0,,FALSE,1,3,FALSE,0,,,,,,,,,
58,279,,ny,5,1,,1,2,,,,,,,,,,,20,1,2,10,1,2,30,1,2,,,,1,,,,
58,280,,,2,,,,2,,,,,,,,,,,FALSE,0,,FALSE,1,1,FALSE,0,,,,,,,,,
58,280,,,3,,,,3,,,,,,,,,,,FALSE,0,,FALSE,1,3,FALSE,0,,,,,,,,,
58,280,,,2,,,,2,,,,,,,,,,,FALSE,0,,FALSE,1,2,FALSE,0,,,,,,,,,
58,280,,,6,,,,6,,,,,,,,,,,FALSE,0,,FALSE,1,4,FALSE,0,,,,,,,,,
58,280,,,2,,,,2,,,,,,,,,,,FALSE,0,,FALSE,1,3,FALSE,0,,,,,,,,,
58,281,,,9,,,,9,,,,,,,,,,,FALSE,0,,FALSE,1,4,FALSE,0,,,,,,,,,
58,282,,,6,,,,6,,,,,,,,,,,FALSE,0,,FALSE,1,3,FALSE,0,,,,,,,,,
58,283,,,5,,,,,,,,,,,,,,,FALSE,0,,FALSE,0,,FALSE,1,2,,,5,,,,,
58,283,,,3,,3,,,,,,,,,,,,,FALSE,0,,FALSE,1,2,FALSE,0,,,,,,,,,
58,283,,,2,2,,,,,,,,,,,,,,FALSE,1,3,FALSE,0,,FALSE,0,,,,,,,,,
58,283,,,4,4,,,,,,,,,,,,,,FALSE,1,3,FALSE,0,,FALSE,0,,,,,,,,,
58,283,,,5,,,,5,,,,,,,,,,,FALSE,0,,FALSE,1,4,FALSE,0,,,,,,,,,
58,284,,,3,1,1,,,,,,,,,,,,,20,1,4,10,1,3,10,1,3,1,,,,,,,
58,285,,,9,9,,,,,,,,,,,,,,FALSE,1,3,FALSE,0,,FALSE,0,,,,,,,,,
58,286,,,2,,,,,,,,,,,,,,,FALSE,0,,FALSE,0,,FALSE,1,2,,,2,,,,,
58,286,,,1,,,,,,,,,,,,,,,FALSE,0,,FALSE,0,,FALSE,1,2,,,1,,,,,
58,287,,,2,,,,,2,1,"world, town",,,,,,,,FALSE,1,3,FALSE,0,,FALSE,0,,,,,,,,,
58,287,,,4,,,,,4,1,"organ, keyboard, guitar, accordion",,,,,,,,FALSE,1,3,FALSE,0,,FALSE,0,,,,,,,,,
58,288,,,6,1,,,3,2,1,"world, town",,,,,,,,10,1,2,20,1,4,FALSE,0,,,,,,,,,
58,289,,,6,6,,,,,,,,,,,,,,FALSE,1,2,FALSE,0,,FALSE,0,,,,,,,,,
58,290,,,8,,,,4,,,,,,,,,,,FALSE,0,,10,1,,20,1,3,,,4,,,,,
58,291,,,3,,,,,,,,,,,,,,,FALSE,0,,FALSE,0,,FALSE,1,2,,,3,,,,,
58,291,,,3,,,,,,,,,,,,,,,FALSE,0,,FALSE,0,,FALSE,1,2,,,3,,,,,
58,292,,,4,,,,,,,,,,,,,,,FALSE,0,,FALSE,0,,FALSE,1,2,,,4,,,,,
58,292,,,21,,,,4,,,,,,,,,,,FALSE,0,,10,1,4,10,1,4,,,17,,,,,
58,292,,,6,,,,,,,,,,,,,,,FALSE,0,,FALSE,0,,FALSE,1,4,,,6,,,,,
58,293,,,6,,,,,,,,,,,,,,,FALSE,0,,FALSE,0,,FALSE,1,4,,,6,,,,,
58,293,,,1,,,,1,,,,,,,,,,,FALSE,0,,FALSE,1,2,FALSE,0,,,,,,,,,
58,293,,,1,,,,1,,,,,,,,,,,FALSE,0,,FALSE,1,2,FALSE,0,,,,,,,,,
58,293,,,6,,,,,,,,,,,,,,,FALSE,0,,FALSE,0,,FALSE,1,3,,,6,,,,,
58,294,,,3,,,,1,,,,,,,,,,,FALSE,0,,20,1,1,10,1,4,,,2,,,,,
58,294,,,4,,,,,,,,,,,,,,,FALSE,0,,FALSE,0,,FALSE,1,,,,4,,,,,
58,294,,,4,,,,1,,,,,,,,,,,FALSE,0,,20,1,3,10,1,1,,,3,,,,,
58,294,,,4,,,,,,,,,,,,,,,FALSE,0,,FALSE,0,,FALSE,1,3,,,4,,,,,
59,295,,,14,,,,14,,,,,,,,,,,FALSE,0,,FALSE,1,3,FALSE,0,,,,,,,,,
59,296,,,16,,,,16,,,,,,,,,,,FALSE,0,,FALSE,1,4,FALSE,0,,,,,,,,,
59,297,,haksan,6,1,1,,4,,,,,,,,,,,10,1,1,20,1,3,FALSE,0,,,,,,,,,
59,297,,,4,1,,,3,,,,,,,,,,,20,1,3,10,1,2,FALSE,0,,,,,,,,,
59,298,,,2,,,,1,,,,,,,,,,,FALSE,0,,10,1,1,10,1,1,,,1,,,,,
59,298,,,3,,,,3,,,,,,,,,,,FALSE,0,,FALSE,1,2,FALSE,0,,,,,,,,,
59,299,,,3,,,,,,,,,,,,,,,FALSE,0,,FALSE,0,,FALSE,1,3,,,3,,,,,
60,299,,,3,,,,1,,,,,,,,,,,FALSE,0,,10,1,1,10,1,1,,,2,,,,,
60,297,,,4,1,,,3,,,,,,,,,,,20,1,3,10,1,2,FALSE,0,,,,,,,,,
60,297,,,5,,1,,4,,,,,,,,,,,FALSE,0,,FALSE,1,2,FALSE,0,,,,,,,,,
60,297,,,2,1,,,1,,,,,,,,,,,10,1,2,10,1,2,FALSE,0,,,,,,,,,
60,300,,,4,,,,,,,,,,,,,,,FALSE,0,,FALSE,0,,FALSE,1,3,,,4,,,,,
60,301,,,4,1,,,1,2,1,"café, karaoke",,,,,,,,10,1,2,10,1,3,FALSE,0,,,,,,,,,
60,302,,8th street,3,,,,3,,,,,,,,,,,FALSE,0,,FALSE,1,1,FALSE,0,,,,,,,,,
60,303,,aca grill,2,,,,2,,,,,,,,,,,FALSE,0,,FALSE,1,1,FALSE,0,,,,,,,,,
60,304,,potato sack,3,,,,3,,,,,,,,,,,FALSE,0,,FALSE,1,2,FALSE,0,,,,,,,,,
60,305,,moongchi,2,2,,,,,,,,,,,,,,FALSE,1,1,FALSE,0,,FALSE,0,,,,,,,,,
60,306,,elvin,1,,,,1,,,,,,,,,,,FALSE,0,,FALSE,1,1,FALSE,0,,,,,,,,,
60,307,,mandarin house,4,,,,2,,,,,,,,,,,FALSE,0,,20,1,2,10,1,1,2,,,,,,,
60,308,,hotdog,3,2,,,,1,1,hotdog,,,,,,,,FALSE,1,2,FALSE,0,,FALSE,0,,,,,,,,,
60,309,,,2,,,,2,,,,,,,,,,,FALSE,0,,FALSE,1,3,FALSE,0,,,,,,,,,
60,310,,,4,,,,4,,,,,,,,,,,FALSE,0,,FALSE,1,2,FALSE,0,,,,,,,,,
60,304,,potato sack,3,,,,3,,,,,,,,,,,FALSE,0,,FALSE,1,1,FALSE,0,,,,,,,,,
60,305,,moongchi,2,2,,,,,,,,,,,,,,FALSE,1,2,FALSE,0,,FALSE,0,,,,,,,,,
60,311,,cigarette king,6,4,,,2,,,,,,,,,,,20,1,3,10,1,1,FALSE,0,,,,,,,,,
60,305,,moongchi,4,4,,,,,,,,,,,,,,FALSE,1,3,FALSE,0,,FALSE,0,,,,,,,,,
60,304,,potato sack,4,,,,4,,,,,,,,,,,FALSE,0,,FALSE,1,4,FALSE,0,,,,,,,,,
60,303,,aca grill,4,,,,2,,,,,,,,,,,FALSE,0,,10,1,3,10,1,3,,,2,,,,,
60,303,,aca grill,4,,,,2,,,,,,,,,,,FALSE,0,,10,1,3,10,1,3,,,2,,,,,
60,303,,aca grill,2,,,,2,,,,,,,,,,,FALSE,0,,FALSE,1,2,FALSE,0,,,,,,,,,
60,303,,aca grill,2,,,,2,,,,,,,,,,,FALSE,0,,FALSE,1,2,FALSE,0,,,,,,,,,
60,303,,aca grill,2,,,,2,,,,,,,,,,,FALSE,0,,FALSE,1,2,FALSE,0,,,,,,,,,
60,312,,Jeffrey bak,6,4,,1,1,,,,,,,,,,,10,1,3,20,1,3,FALSE,0,,,,,,,,,
60,313,,lena byun?,6,4,,1,1,,,,,,,,,,,10,1,3,20,1,3,FALSE,0,,,,,,,,,
60,314,,ilbo,2,2,,,,,,,,,,,,,,FALSE,1,4,FALSE,0,,FALSE,0,,,,,,,,,
60,314,,,2,2,,,,,,,,,,,,,,FALSE,1,4,FALSE,0,,FALSE,0,,,,,,,,,
60,315,,gyocha,1,1,,,,,,,,,,,,,,FALSE,1,3,FALSE,0,,FALSE,0,,,,,,,,,
60,314,,ilbo,2,2,,,,,,,,,,,,,,FALSE,1,3,FALSE,0,,FALSE,0,,,,,,,,,
60,315,,matjip,4,1,1,,2,,,,,,,,,,,20,1,2,20,1,2,FALSE,0,,,,,,,,,
60,316,,gupo ,1,1,,,,,,,,,,,,,,FALSE,1,1,FALSE,0,,FALSE,0,,,,,,,,,
60,317,,coin laundry,2,,,,2,,,,,,,,,,,FALSE,0,,FALSE,1,,FALSE,0,,,,,,,,,
60,316,,,1,1,,,,,,,,,,,,,,FALSE,1,2,FALSE,0,,FALSE,0,,,,,,,,,
60,316,,,2,2,,,,,,,,,,,,,,FALSE,1,2,FALSE,0,,FALSE,0,,,,,,,,,
60,318,,karoake,3,,,,2,1,1,karaoke,,,,,,,,20,1,4,10,1,2,FALSE,0,,,,,,,,,
60,319,,nayoung ,4,2,1,,1,,,,,,,,,,,10,1,2,20,1,3,FALSE,0,,,,,,,,,
60,319,,nayoung ,4,2,1,,1,,,,,,,,,,,10,1,2,20,1,3,FALSE,0,,,,,,,,,
60,319,,nayoung ,2,2,,,,,,,,,,,,,,FALSE,1,3,FALSE,0,,FALSE,0,,,,,,,,,
60,320,,topper,2,,,,2,,,,,,,,,,,FALSE,0,,FALSE,1,1,FALSE,0,,,,,,,,,
60,320,,,8,,,,8,,,,,,,,,,,FALSE,0,,FALSE,1,3,FALSE,0,,,,,,,,,
60,320,,business appreciated,9,,,,9,,,,,,,,,,,FALSE,0,,FALSE,1,4,FALSE,0,,,,,,,,,
60,321,,open lunch,8,6,,,2,,,,,,,,,,,20,1,3,10,1,1,FALSE,0,,,,,,,,,
60,321,,,6,3,2,,1,,,,,,,,,,,10,1,1,20,1,3,FALSE,0,,,,,,,,,
61,322,,clinic,4,1,,1,,2,1,"care, clinic",,,,,,,,FALSE,1,1,FALSE,0,,FALSE,0,,,,,,,,,
61,323,,vermont center,10,2,,1,6,1,1,center,,,,,,,,10,1,1,20,1,2,FALSE,0,,,,,,,,,
61,324,,newstar ,3,1,,,,2,1,"new, star",,,,,,,,FALSE,1,,FALSE,0,,FALSE,0,,,,,,,,,
61,325,,,1,,,,1,,,,,,,,,,,FALSE,0,,FALSE,1,3,FALSE,0,,,,,,,,,
61,326,,taco bell,4,,,,4,,,,,,,,,,,FALSE,0,,FALSE,1,1,FALSE,0,,,,,,,,,
61,326,,taco bell,2,,,,2,,,,,,,,,,,FALSE,0,,FALSE,1,2,FALSE,0,,,,,,,,,
61,327,,,1,,,,1,,,,,,,,,,,FALSE,0,,FALSE,1,1,FALSE,0,,,,,,,,,
61,328,,marshall hair salon,2,1,,1,,,,,,,,,,,,FALSE,1,1,FALSE,0,,FALSE,0,,,,,,,,,
61,329,,digestion ,2,2,,,,,,,,,,,,,,FALSE,1,2,FALSE,0,,FALSE,0,,,,,,,,,
61,330,,chimac star,6,1,2,,2,1,1,star,,,,,,,,20,1,2,10,1,2,FALSE,0,,,,,,,,,
61,331,,parking,3,,,,3,,,,,,,,,,,FALSE,0,,FALSE,1,3,FALSE,0,,,,,,,,,
61,328,,,2,1,,1,,,,,,,,,,,,FALSE,1,3,FALSE,0,,FALSE,0,,,,,,,,,
61,332,,for lease,4,,,,4,,,,,,,,,,,FALSE,0,,FALSE,1,1,FALSE,0,,,,,,,,,
61,333,,church,3,3,,,,,,,,,,,,,,FALSE,1,2,FALSE,0,,FALSE,0,,,,,,,,,
61,334,,kara school,5,2,,,2,1,1,computer,,,,,,,,20,1,3,10,1,2,FALSE,0,,,,,,,,,
61,335,,sohwa,5,2,,,3,,,,,,,,,,,10,1,2,20,1,4,FALSE,0,,,,,,,,,
61,336,,music school,4,3,,,,1,1,star,,,,,,,,FALSE,1,1,FALSE,0,,FALSE,0,,,,,,,,,
61,337,,hannam plaza,4,1,,,2,1,1,plaza,,,,,,,,10,1,1,20,1,3,FALSE,0,,,,,,,,,
61,338,,dentista,1,,,,,,,,,,,,,,,FALSE,0,,FALSE,0,,FALSE,1,2,,,1,,,,,
61,339,,green dental,2,,,,2,,,,,,,,,,,FALSE,0,,FALSE,1,2,FALSE,0,,,,,,,,,
61,340,,lease,1,,,,,1,1,lease,,,,,,,,FALSE,1,2,FALSE,0,,FALSE,0,,,,,,,,,
61,339,,,6,,,,6,,,,,,,,,,,FALSE,0,,FALSE,1,3,FALSE,0,,,,,,,,,
61,342,,,2,,,,2,,,,,,,,,,,FALSE,0,,FALSE,1,3,FALSE,0,,,,,,,,,
61,339,,,2,1,,1,,,,,,,,,,,,FALSE,1,3,FALSE,0,,FALSE,0,,,,,,,,,
61,342,,,5,5,,,,,,,,,,,,,,FALSE,1,3,FALSE,0,,FALSE,0,,,,,,,,,
61,342,,,2,,,,2,,,,,,,,,,,FALSE,0,,FALSE,1,2,FALSE,0,,,,,,,,,
61,341,,,3,3,,,,,,,,,,,,,,FALSE,1,3,FALSE,0,,FALSE,0,,,,,,,,,
61,343,,,3,,,,3,,,,,,,,,,,FALSE,0,,FALSE,1,3,FALSE,0,,,,,,,,,
61,344,,,2,,,,2,,,,,,,,,,,FALSE,0,,FALSE,1,3,FALSE,0,,,,,,,,,
61,328,,marshall hair salon,6,1,,1,4,,,,,,,,,,,20,1,3,10,1,2,FALSE,0,,,,,,,,,
61,328,,,2,2,,,,,,,,,,,,,,FALSE,1,3,FALSE,0,,FALSE,0,,,,,,,,,
61,328,,,5,,,,5,,,,,,,,,,,FALSE,0,,FALSE,1,3,FALSE,0,,,,,,,,,
61,328,,thank you,6,4,,1,,1,1,sale,,,,,,,,FALSE,1,3,FALSE,0,,FALSE,0,,,,,,,,,
61,328,,,2,,,,2,,,,,,,,,,,FALSE,0,,FALSE,1,4,FALSE,0,,,,,,,,,
61,345,,gyungrak,3,1,,,2,,,,,,,,,,,10,1,2,10,1,2,FALSE,0,,,,,,,,,
61,346,,parking,1,,,,1,,,,,,,,,,,FALSE,0,,FALSE,1,2,FALSE,0,,,,,,,,,
61,330,,chimac star,3,,2,,1,,,,,,,,,,,FALSE,0,,FALSE,1,2,FALSE,0,,,,,,,,,
61,330,,,2,1,,,,1,1,star,,,,,,,,FALSE,1,1,FALSE,0,,FALSE,0,,,,,,,,,
61,330,,,3,,2,,1,,,,,,,,,,,FALSE,0,,FALSE,1,3,FALSE,0,,,,,,,,,
61,330,,,3,,2,,1,,,,,,,,,,,FALSE,0,,FALSE,1,3,FALSE,0,,,,,,,,,
61,330,,,3,,2,,1,,,,,,,,,,,FALSE,0,,FALSE,1,3,FALSE,0,,,,,,,,,
61,330,,,1,,,,1,,,,,,,,,,,FALSE,0,,FALSE,1,2,FALSE,0,,,,,,,,,
61,336,,,4,3,,,,1,1,star,,,,,,,,FALSE,1,2,FALSE,0,,FALSE,0,,,,,,,,,
61,336,,,3,2,,,,1,1,star,,,,,,,,FALSE,1,2,FALSE,0,,FALSE,0,,,,,,,,,
61,333,,,3,3,,,,,,,,,,,,,,FALSE,1,2,FALSE,0,,FALSE,0,,,,,,,,,
61,347,,william suh,3,2,,1,,,,,,,,,,,,FALSE,1,,FALSE,0,,FALSE,0,,,,,,,,,
61,348,,trinidad,7,,,,,,,,,,,,,,,FALSE,0,,FALSE,0,,FALSE,1,3,,,7,,,,,
61,349,,bank of mexico,20,,,,,,,,,,,,,,,FALSE,0,,FALSE,0,,FALSE,1,3,,,20,,,,,
61,350,1,aeroexpress,7,,,,,,,,,,,,,,,FALSE,0,,FALSE,0,,FALSE,1,2,,,7,,,,,
61,350,1,,12,,,,,,,,,,,,,,,FALSE,0,,FALSE,0,,FALSE,1,3,,,12,,,,,
61,351,1,,8,,,,3,,,,,,,,,,,FALSE,0,,10,1,2,10,1,3,,,5,,,,,
61,351,1,,12,,,,,,,,,,,,,,,FALSE,0,,FALSE,0,,FALSE,1,4,,,12,,,,,
61,352,,ace,4,,,2,2,,,,,,,,,,,10,1,3,20,1,3,FALSE,0,,,,,,,,,
61,353,,scholarship,8,2,,,4,2,1,"new, star",,,,,,,,10,1,3,20,1,3,FALSE,0,,,,,,,,,
61,354,,ralty,6,1,,,3,2,1,"new, star",,,,,,,,10,1,3,20,1,3,FALSE,0,,,,,,,,,
61,355,,gaia,6,2,,,2,2,1,"new, star",,,,,,,,10,1,3,20,1,3,FALSE,0,,,,,,,,,
61,356,,estate school,9,2,,,5,2,1,"new, star",,,,,,,,10,1,3,20,1,3,FALSE,0,,,,,,,,,
61,357,,eweb consulting,6,,,,2,4,1,"web, consulting, new, star",,,,,,,,10,1,3,20,1,3,FALSE,0,,,,,,,,,
61,358,,commercial,5,,,,2,3,2,"commercial, ew, star",,,,,,,,10,1,3,20,1,3,FALSE,0,,,,,,,,,
61,359,,communications,6,2,,,2,2,1,"new, star",,,,,,,,10,1,3,20,1,3,FALSE,0,,,,,,,,,
61,360,,management,7,3,,,2,2,1,"new, star",,,,,,,,10,1,3,20,1,3,FALSE,0,,,,,,,,,
61,361,,sky,5,,,2,3,,,,,,,,,,,10,1,3,20,1,3,FALSE,0,,,,,,,,,
61,362,,vermont center,8,2,,1,4,1,1,center,,,,,,,,10,1,3,20,1,3,FALSE,0,,,,,,,,,
61,363,,kim's,6,2,,1,3,,,,,,,,,,,10,1,3,20,1,3,FALSE,0,,,,,,,,,
61,352,,,4,,,2,2,,,,,,,,,,,10,1,3,20,1,3,FALSE,0,,,,,,,,,
61,353,,,8,2,,,4,2,1,"new, star",,,,,,,,10,1,3,20,1,3,FALSE,0,,,,,,,,,
61,354,,,6,1,,,3,2,1,"new, star",,,,,,,,10,1,3,20,1,3,FALSE,0,,,,,,,,,
61,355,,,6,2,,,2,2,1,"new, star",,,,,,,,10,1,3,20,1,3,FALSE,0,,,,,,,,,
61,356,,,9,2,,,5,2,1,"new, star",,,,,,,,10,1,3,20,1,3,FALSE,0,,,,,,,,,
61,357,,,6,,,,2,4,1,"web, consulting, new, star",,,,,,,,10,1,3,20,1,3,FALSE,0,,,,,,,,,
61,358,,,5,,,,2,3,2,"commercial, ew, star",,,,,,,,10,1,3,20,1,3,FALSE,0,,,,,,,,,
61,359,,,6,2,,,2,2,1,"new, star",,,,,,,,10,1,3,20,1,3,FALSE,0,,,,,,,,,
61,360,,,7,3,,,2,2,1,"new, star",,,,,,,,10,1,3,20,1,3,FALSE,0,,,,,,,,,
61,361,,,5,,,2,3,,,,,,,,,,,10,1,3,20,1,3,FALSE,0,,,,,,,,,
61,362,,vermont center,8,2,,1,4,1,1,center,,,,,,,,10,1,3,20,1,3,FALSE,0,,,,,,,,,
61,363,,kim's,6,2,,1,3,,,,,,,,,,,10,1,3,20,1,3,FALSE,0,,,,,,,,,
61,364,,banko f hope,3,,,,3,,,,,,,,,,,FALSE,0,,FALSE,1,1,FALSE,0,,,,,,,,,
61,365,,oaxaca,4,,,,,,,,,,,,,,,FALSE,0,,FALSE,0,,FALSE,1,2,,,4,,,,,
61,365,,,5,,,,,,,,,,,,,,,FALSE,0,,FALSE,0,,FALSE,1,3,,,5,,,,,
61,365,,atm,2,,,,2,,,,,,,,,,,FALSE,0,,FALSE,1,2,FALSE,0,,,,,,,,,
61,365,,atm,2,,,,2,,,,,,,,,,,FALSE,0,,FALSE,1,2,FALSE,0,,,,,,,,,
61,366,,,1,,,,,,,,,,,,,,,FALSE,0,,FALSE,0,,FALSE,1,,,,1,,,,,
61,367,1,nutrition,2,,,,2,,,,,,,,,,,FALSE,0,,FALSE,1,2,FALSE,0,,,,,,,,,
61,367,1,,2,,,,2,,,,,,,,,,,FALSE,0,,FALSE,1,3,FALSE,0,,,,,,,,,
61,367,,,9,,,,9,,,,,,,,,,,FALSE,0,,FALSE,1,4,FALSE,0,,,,,,,,,
61,368,,nysha,2,,,,2,,,,,,,,,,,FALSE,0,,FALSE,1,2,FALSE,0,,,,,,,,,
61,369,,dj market,3,,,,3,,,,,,,,,,,FALSE,0,,FALSE,1,1,FALSE,0,,,,,,,,,
61,369,,,1,,,,1,,,,,,,,,,,FALSE,0,,FALSE,1,1,FALSE,0,,,,,,,,,
61,354,,realty,3,,,,3,,,,,,,,,,,FALSE,0,,FALSE,1,1,FALSE,0,,,,,,,,,
61,370,,kheir,5,3,1,1,,,,,,,,,,,,10,1,2,20,1,3,FALSE,0,,,,,,,,,
61,371,,clinci,1,,1,,,,,,,,,,,,,FALSE,0,,FALSE,1,3,FALSE,0,,,,,,,,,
61,371,,clinci,2,2,,,,,,,,,,,,,,FALSE,1,3,FALSE,0,,FALSE,0,,,,,,,,,
61,372,,youstar medical,4,,,,4,,,,,,,,,,,FALSE,0,,FALSE,1,3,FALSE,0,,,,,,,,,
61,356,,,9,2,,,5,2,1,"new, star",,,,,,,,10,1,1,20,1,4,FALSE,0,,,,,,,,,
61,373,1,martin,2,,,,2,,,,,,,,,,,FALSE,0,,FALSE,1,2,FALSE,0,,,,,,,,,
61,373,1,,5,,,,5,,,,,,,,,,,FALSE,0,,FALSE,1,3,FALSE,0,,,,,,,,,
61,373,2,,2,1,,1,,,,,,,,,,,,FALSE,1,2,FALSE,0,,FALSE,0,,,,,,,,,
61,373,2,,4,4,,,,,,,,,,,,,,FALSE,1,3,FALSE,0,,FALSE,0,,,,,,,,,
61,373,,,4,3,,,,1,1,smart,,,,,,,,FALSE,1,3,FALSE,0,,FALSE,0,,,,,,,,,
61,373,,,4,,,,4,,,,,,,,,,,FALSE,0,,FALSE,1,3,FALSE,0,,,,,,,,,
61,373,,,1,1,,,,,,,,,,,,,,FALSE,1,1,FALSE,0,,FALSE,0,,,,,,,,,
61,373,3,,1,,,,1,,,,,,,,,,,FALSE,0,,FALSE,1,3,FALSE,0,,,,,,,,,
61,373,3,,4,,,,4,,,,,,,,,,,FALSE,0,,FALSE,1,4,FALSE,0,,,,,,,,,
61,374,,rodeo,3,2,,1,,,,,,,,,,,,FALSE,1,2,FALSE,0,,FALSE,0,,,,,,,,,
61,374,,usps,4,,,,4,,,,,,,,,,,FALSE,0,,FALSE,1,3,FALSE,0,,,,,,,,,
61,374,,korea post,5,3,,,2,,,,,,,,,,,10,1,3,10,1,3,FALSE,0,,,,,,,,,
61,375,,beautycosmo,2,,,,2,,,,,,,,,,,FALSE,0,,FALSE,1,2,FALSE,0,,,,,,,,,
61,376,,new star plaza,3,,,,3,,,,,,,,,,,FALSE,0,,FALSE,1,1,FALSE,0,,,,,,,,,
61,377,,panaderia,9,,,,,,,,,,,,,,,FALSE,0,,FALSE,0,,FALSE,1,4,,,9,,,,,
61,377,1,,2,,,,,,,,,,,,,,,FALSE,0,,FALSE,0,,FALSE,1,2,,,2,,,,,
61,377,1,,2,,,,,,,,,,,,,,,FALSE,0,,FALSE,0,,FALSE,1,3,,,2,,,,,
61,377,,open,2,,,,1,,,,,,,,,,,FALSE,0,,10,1,3,10,1,3,,,1,,,,,
61,377,,,1,,,,,,,,,,,,,,,FALSE,0,,FALSE,0,,FALSE,1,3,,,1,,,,,
61,375,,,3,1,,,2,,,,,,,,,,,20,1,3,10,1,3,FALSE,0,,,,,,,,,
61,378,,daeryuk,4,2,,,2,,,,,,,,,,,10,1,2,20,1,3,FALSE,0,,,,,,,,,
61,355,,,4,,,1,,3,1,"gallery, new, star",,,,,,,,FALSE,1,2,FALSE,0,,FALSE,0,,,,,,,,,
61,355,,,4,2,,,2,,,,,,,,,,,10,1,3,20,1,4,FALSE,0,,,,,,,,,
61,354,1,,3,,,,3,,,,,,,,,,,FALSE,0,,FALSE,1,4,FALSE,0,,,,,,,,,
61,354,1,,2,,,,2,,,,,,,,,,,FALSE,0,,FALSE,1,1,FALSE,0,,,,,,,,,
61,379,,,9,2,,,7,,,,,,,,,,,10,1,2,10,1,2,FALSE,0,,,,,,,,,
61,374,,,5,2,,,3,,,,,,,,,,,10,1,3,10,1,3,FALSE,0,,,,,,,,,
61,374,,,3,2,,,1,,,,,,,,,,,10,1,3,10,1,3,FALSE,0,,,,,,,,,
61,380,1,,6,,,,5,,,,,,,,,,1,FALSE,0,,FALSE,1,2,FALSE,0,,,,,,,,,
61,380,1,,4,,,,4,,,,,,,,,,,FALSE,0,,FALSE,1,3,FALSE,0,,,,,,,,,
61,380,1,,5,,,,5,,,,,,,,,,,FALSE,0,,FALSE,1,4,FALSE,0,,,,,,,,,
61,381,,,3,,,,3,,,,,,,,,,,FALSE,0,,FALSE,1,2,FALSE,0,,,,,,,,,
61,382,,,4,,,,4,,,,,,,,,,,FALSE,0,,FALSE,1,3,FALSE,0,,,,,,,,,
61,382,,,1,,,,1,,,,,,,,,,,FALSE,0,,FALSE,1,3,FALSE,0,,,,,,,,,
61,382,,,1,,,,1,,,,,,,,,,,FALSE,0,,FALSE,1,3,FALSE,0,,,,,,,,,
61,383,,lee eun mi,1,1,,,,,,,,,,,,,,FALSE,1,1,FALSE,0,,FALSE,0,,,,,,,,,
61,384,,bks prime,2,,,,2,,,,,,,,,,,FALSE,0,,FALSE,1,1,FALSE,0,,,,,,,,,
61,375,,,2,,,,2,,,,,,,,,,,FALSE,0,,FALSE,1,2,FALSE,0,,,,,,,,,
61,376,,,3,,,,3,,,,,,,,,,,FALSE,0,,FALSE,1,2,FALSE,0,,,,,,,,,
61,373,,,3,3,,,,,,,,,,,,,,FALSE,1,2,FALSE,0,,FALSE,0,,,,,,,,,
61,372,3,,3,,,,3,,,,,,,,,,,FALSE,0,,FALSE,1,2,FALSE,0,,,,,,,,,
61,372,3,,1,,,,1,,,,,,,,,,,FALSE,0,,FALSE,1,4,FALSE,0,,,,,,,,,
61,385,,florist,2,1,,,1,,,,,,,,,,,10,1,2,10,1,2,FALSE,0,,,,,,,,,
61,371,,,2,2,,,,,,,,,,,,,,FALSE,1,2,FALSE,0,,FALSE,0,,,,,,,,,
61,377,,,1,,,,,,,,,,,,,,,FALSE,0,,FALSE,0,,FALSE,1,2,,,1,,,,,
61,386,,gift factory,3,,,,3,,,,,,,,,,,FALSE,0,,FALSE,1,2,FALSE,0,,,,,,,,,
61,387,,for lease,2,,,,2,,,,,,,,,,,FALSE,0,,FALSE,1,2,FALSE,0,,,,,,,,,
61,388,,number 1,2,,,,,2,1,"number, one",,,,,,,,FALSE,1,2,FALSE,0,,FALSE,0,,,,,,,,,
61,374,,,4,4,,,,,,,,,,,,,,FALSE,1,2,FALSE,0,,FALSE,0,,,,,,,,,
61,378,,,2,,,,2,,,,,,,,,,,FALSE,0,,FALSE,1,2,FALSE,0,,,,,,,,,
61,385,,,3,2,,,1,,,,,,,,,,,10,1,2,10,1,2,FALSE,0,,,,,,,,,
61,385,,,2,,,,2,,,,,,,,,,,FALSE,0,,FALSE,1,3,FALSE,0,,,,,,,,,
61,385,,,2,1,,,1,,,,,,,,,,,10,1,1,20,1,3,FALSE,0,,,,,,,,,
61,385,,,3,3,,,,,,,,,,,,,,FALSE,1,3,FALSE,0,,FALSE,0,,,,,,,,,
61,385,,,1,1,,,,,,,,,,,,,,FALSE,1,2,FALSE,0,,FALSE,0,,,,,,,,,
61,389,,brian joo,4,3,,,1,,,,,,,,,,,10,1,3,20,1,4,FALSE,0,,,,,,,,,
62,390,1,we moved,2,,,,2,,,,,,,,,,,FALSE,0,,FALSE,1,2,FALSE,0,,,,,,,,,
62,390,1,,8,3,,,5,,,,,,,,,,,20,1,4,10,1,3,FALSE,0,,,,,,,,,
62,391,1,,2,,,,2,,,,,,,,,,,FALSE,0,,FALSE,1,2,FALSE,0,,,,,,,,,
62,391,1,,3,,,,3,,,,,,,,,,,FALSE,0,,FALSE,1,3,FALSE,0,,,,,,,,,
62,392,,ib plaza,2,,,,2,,,,,,,,,,,FALSE,0,,FALSE,1,2,FALSE,0,,,,,,,,,
62,393,,vapor,2,2,,,,,,,,,,,,,,FALSE,1,2,FALSE,0,,FALSE,0,,,,,,,,,
62,393,,,1,,,,1,,,,,,,,,,,FALSE,0,,FALSE,1,2,FALSE,0,,,,,,,,,
62,399,,dalmatji,1,1,,,,,,,,,,,,,,FALSE,1,2,FALSE,0,,FALSE,0,,,,,,,,,
62,398,,ikaja,3,1,,,,2,1,"hair, biz",,,,,,,,FALSE,1,3,FALSE,0,,FALSE,0,,,,,,,,,
62,398,,ikaja,3,1,,,,2,1,"hair, biz",,,,,,,,FALSE,1,2,FALSE,0,,FALSE,0,,,,,,,,,
62,397,,dana,3,3,,,,,,,,,,,,,,FALSE,1,2,FALSE,0,,FALSE,0,,,,,,,,,
62,396,,foot massage,2,,,,2,,,,,,,,,,,FALSE,0,,FALSE,1,1,FALSE,0,,,,,,,,,
62,396,,foot massage,2,,,,2,,,,,,,,,,,FALSE,0,,FALSE,1,2,FALSE,0,,,,,,,,,
62,395,,ivy glasses ,2,1,,,,1,1,ivy,,,,,,,,FALSE,1,3,FALSE,0,,FALSE,0,,,,,,,,,
62,395,,ivy glasses ,2,1,,,,1,1,ivy,,,,,,,,FALSE,1,2,FALSE,0,,FALSE,0,,,,,,,,,
62,394,,jc exchange ,2,,1,,1,,,,,,,,,,,FALSE,0,,FALSE,1,2,FALSE,0,,,,,,,,,
62,394,,,2,,,,2,,,,,,,,,,,FALSE,0,,FALSE,1,2,FALSE,0,,,,,,,,,
62,400,,mongnis,1,,,,1,,,,,,,,,,,FALSE,0,,FALSE,1,2,FALSE,0,,,,,,,,,
62,401,,permanent makeup,3,3,,,,,,,,,,,,,,FALSE,1,2,FALSE,0,,FALSE,0,,,,,,,,,
62,402,,albatross,4,1,,1,,2,1,"total, fashion",,,,,,,,FALSE,1,3,FALSE,0,,FALSE,0,,,,,,,,,
62,403,,computer,2,1,,,,1,1,computer,,,,,,,,FALSE,1,3,FALSE,0,,FALSE,0,,,,,,,,,
62,404,,repair,3,2,1,,,,,,,,,,,,,20,1,3,10,1,3,FALSE,0,,,,,,,,,
62,405,,jewelry,3,1,,,,2,1,"total, jewelry",,,,,,,,FALSE,1,2,FALSE,0,,FALSE,0,,,,,,,,,
62,406,,motouch,3,2,,,1,,,,,,,,,,,10,1,2,20,1,2,FALSE,0,,,,,,,,,
62,407,,brew,3,,,,3,,,,,,,,,,,FALSE,0,,FALSE,1,3,FALSE,0,,,,,,,,,
62,407,,brew,3,,,,3,,,,,,,,,,,FALSE,0,,FALSE,1,2,FALSE,0,,,,,,,,,
62,408,,muldaepo,1,1,,,,,,,,,,,,,,FALSE,1,1,FALSE,0,,FALSE,0,,,,,,,,,
62,408,,,3,,,,3,,,,,,,,,,,FALSE,0,,FALSE,1,2,FALSE,0,,,,,,,,,
62,408,,,4,1,,,3,,,,,,,,,,,10,1,2,20,1,4,FALSE,0,,,,,,,,,
62,409,,blanket mart,4,2,,,,2,1,"mart, living",,,,,,,,FALSE,1,2,FALSE,0,,FALSE,0,,,,,,,,,
62,410,,morning soy?,2,,,,,2,1,"morning, soy",,,,,,,,FALSE,1,2,FALSE,0,,FALSE,0,,,,,,,,,
62,411,,,6,,,1,3,2,1,"pink, nail",,,,,,,,10,1,4,20,1,4,FALSE,0,,,,,,,,,
62,407,1,,1,,,,1,,,,,,,,,,,FALSE,0,,FALSE,1,2,FALSE,0,,,,,,,,,
62,407,1,,3,,,,3,,,,,,,,,,,FALSE,0,,FALSE,1,4,FALSE,0,,,,,,,,,
62,408,,,3,2,,,1,,,,,,,,,,,10,1,2,10,1,2,FALSE,0,,,,,,,,,
62,396,,,1,,,,1,,,,,,,,,,,FALSE,0,,FALSE,1,2,FALSE,0,,,,,,,,,
62,393,,,2,,,,2,,,,,,,,,,,FALSE,0,,FALSE,1,2,FALSE,0,,,,,,,,,
62,435,,,4,1,,,2,1,1,center,,,,,,,,10,1,2,20,1,3,FALSE,0,,,,,,,,,
62,412,,,3,,,,3,,,,,,,,,,,FALSE,0,,FALSE,1,3,FALSE,0,,,,,,,,,
62,413,,,2,,,,2,,,,,,,,,,,FALSE,0,,FALSE,1,2,FALSE,0,,,,,,,,,
62,409,2,,4,2,,,,2,1,"living, mart",,,,,,,,FALSE,1,2,FALSE,0,,FALSE,0,,,,,,,,,
62,409,2,,4,4,,,,,,,,,,,,,,FALSE,1,4,FALSE,0,,FALSE,0,,,,,,,,,
62,414,,western plaza,2,,,,2,,,,,,,,,,,FALSE,0,,FALSE,1,1,FALSE,0,,,,,,,,,
62,415,,koeratown plaza,2,,,,2,,,,,,,,,,,FALSE,0,,FALSE,1,1,FALSE,0,,,,,,,,,
62,416,,hanmi bank,2,2,,,,,,,,,,,,,,FALSE,1,2,FALSE,0,,FALSE,0,,,,,,,,,
62,416,,,2,,1,,1,,,,,,,,,,,FALSE,0,,FALSE,1,2,FALSE,0,,,,,,,,,
62,417,,western department store,4,3,,,,1,1,western,,,,,,,,FALSE,1,1,FALSE,0,,FALSE,0,,,,,,,,,
62,417,,,9,8,,,,1,1,center,,,,,,,,FALSE,1,3,FALSE,0,,FALSE,0,,,,,,,,,
62,418,,spa,2,,,,1,1,1,spa,,,,,,,,10,1,1,20,1,3,FALSE,0,,,,,,,,,
62,419,,,4,2,,,,,,,,,,,,,,10,1,1,FALSE,0,,20,1,3,2,,,,,,,
62,420,,mona lisa house,4,1,,,2,1,1,mona lisa,,,,,,,,10,1,1,10,1,1,FALSE,0,,,,,,,,,
62,414,,,2,,,,2,,,,,,,,,,,FALSE,0,,FALSE,1,2,FALSE,0,,,,,,,,,
62,421,,bcd,6,3,1,,2,,,,,,,,,,,20,1,3,10,1,2,FALSE,0,,,,,,,,,
62,422,,8 korea,2,,,,2,,,,,,,,,,,FALSE,0,,FALSE,1,2,FALSE,0,,,,,,,,,
62,423,,sullungtang,2,2,,,,,,,,,,,,,,FALSE,1,1,FALSE,0,,FALSE,0,,,,,,,,,
62,424,,manmi,3,1,1,,1,,,,,,,,,,,10,1,1,20,1,3,FALSE,0,,,,,,,,,
62,424,,manmi,3,1,1,,1,,,,,,,,,,,10,1,1,20,1,3,FALSE,0,,,,,,,,,
62,425,,shinsun,0,,,,,,,,,,,,,,,FALSE,0,,FALSE,0,,FALSE,0,,,,,,,,,
62,424,,manmi,7,3,1,,1,2,1,"wedding, cake",,,,,,,,10,1,3,20,1,3,FALSE,0,,,,,,,,,
62,424,,manmi,1,1,,,,,,,,,,,,,,FALSE,1,2,FALSE,0,,FALSE,0,,,,,,,,,
62,424,,manmi,1,1,,,,,,,,,,,,,,FALSE,1,2,FALSE,0,,FALSE,0,,,,,,,,,
62,423,,sullungtang,2,2,,,,,,,,,,,,,,FALSE,1,1,FALSE,0,,FALSE,0,,,,,,,,,
62,423,,sullungtang,2,2,,,,,,,,,,,,,,FALSE,1,3,FALSE,0,,FALSE,0,,,,,,,,,
62,423,,sullungtang,4,4,,,,,,,,,,,,,,FALSE,1,3,FALSE,0,,FALSE,0,,,,,,,,,
62,421,,bcd,2,2,,,,,,,,,,,,,,FALSE,1,3,FALSE,0,,FALSE,0,,,,,,,,,
62,421,,bcd,2,2,,,,,,,,,,,,,,FALSE,1,3,FALSE,0,,FALSE,0,,,,,,,,,
62,421,,bcd,2,2,,,,,,,,,,,,,,FALSE,1,3,FALSE,0,,FALSE,0,,,,,,,,,
62,421,,bcd,2,2,,,,,,,,,,,,,,FALSE,1,3,FALSE,0,,FALSE,0,,,,,,,,,
62,421,,bcd,6,2,2,,2,,,,,,,,,,,20,1,3,10,1,1,FALSE,0,,,,,,,,,
62,424,,madang,2,2,,,,,,,,,,,,,,FALSE,1,2,FALSE,0,,FALSE,0,,,,,,,,,
62,424,,madang,5,2,2,,1,,,,,,,,,,,10,1,1,20,1,3,FALSE,0,,,,,,,,,
62,425,,show repair,8,,,,8,,,,,,,,,,,FALSE,0,,FALSE,1,3,FALSE,0,,,,,,,,,
62,426,,rodeo galleria,5,,,2,3,,,,,,,,,,,10,1,,20,1,2,FALSE,0,,,,,,,,,
62,417,,western department store,4,1,,,2,1,1,western,,,,,,,,10,1,1,20,1,2,FALSE,0,,,,,,,,,
62,427,,mini,5,1,,,3,1,1,mini,,,,,,,,10,1,2,20,1,4,FALSE,0,,,,,,,,,
62,428,,shoes,5,4,,,1,,,,,,,,,,,20,1,4,10,1,2,FALSE,0,,,,,,,,,
62,429,,royal jell,7,6,,,,1,1,"royal, jelly",,,,,,,,FALSE,1,3,FALSE,0,,FALSE,0,,,,,,,,,
62,430,,,5,4,,,1,,,,,,,,,,,10,1,2,20,1,4,FALSE,0,,,,,,,,,
62,431,1,flowers,1,1,,,,,,,,,,,,,,FALSE,1,2,FALSE,0,,FALSE,0,,,,,,,,,
62,431,1,,5,5,,,,,,,,,,,,,,FALSE,1,3,FALSE,0,,FALSE,0,,,,,,,,,
62,431,1,,6,4,,,2,,,,,,,,,,,10,1,4,10,1,4,FALSE,0,,,,,,,,,
62,432,1,bag,1,1,,,,,,,,,,,,,,FALSE,1,2,FALSE,0,,FALSE,0,,,,,,,,,
62,432,1,,4,1,,,2,1,1,handbag,,,,,,,,10,1,3,20,1,4,FALSE,0,,,,,,,,,
62,433,,wholsale,5,5,,,,,,,,,,,,,,FALSE,1,1,FALSE,0,,FALSE,0,,,,,,,,,
62,392,,,2,,,,2,,,,,,,,,,,FALSE,0,,FALSE,1,1,FALSE,0,,,,,,,,,
62,434,,everyne's ,2,2,,,,,,,,,,,,,,FALSE,1,1,FALSE,0,,FALSE,0,,,,,,,,,
62,435,,,5,2,,,2,1,1,center,,,,,,,,10,1,1,20,1,2,FALSE,0,,,,,,,,,
62,436,,AM 1230,2,2,,,,,,,,,,,,,,FALSE,1,1,FALSE,0,,FALSE,0,,,,,,,,,
62,409,4,,4,4,,,,,,,,,,,,,,FALSE,1,4,FALSE,0,,FALSE,0,,,,,,,,,
62,409,4,,3,1,,,,2,1,"living, mart",,,,,,,,FALSE,1,1,FALSE,0,,FALSE,0,,,,,,,,,
62,402,,,2,,,1,,1,1,fashion,,,,,,,,FALSE,1,2,FALSE,0,,FALSE,0,,,,,,,,,
62,393,1,,2,,,,2,,,,,,,,,,,FALSE,0,,FALSE,1,1,FALSE,0,,,,,,,,,
62,393,1,,3,,,,3,,,,,,,,,,,FALSE,0,,FALSE,1,2,FALSE,0,,,,,,,,,
62,408,,,4,1,,,3,,,,,,,,,,,10,1,1,20,1,4,FALSE,0,,,,,,,,,
62,437,,ivy clothes,2,2,,,,,,,,,,,,,,FALSE,1,3,FALSE,0,,FALSE,0,,,,,,,,,
62,438,,smart,4,2,,,1,1,1,smart,,,,,,,,10,1,2,10,1,2,FALSE,0,,,,,,,,,
62,439,,elephant,2,1,,,,1,1,"rent, car",,,,,,,,FALSE,1,,FALSE,0,,FALSE,0,,,,,,,,,
62,440,,rodeo galleria,6,4,,,2,,,,,,,,,,,20,1,2,10,1,1,FALSE,0,,,,,,,,,
62,441,,gold,4,2,,,2,,,,,,,,,,,10,1,2,10,1,2,FALSE,0,,,,,,,,,
62,442,,bakery,3,,,,,3,1,"opera, house, bakery",,,,,,,,FALSE,1,2,FALSE,0,,FALSE,0,,,,,,,,,
62,443,,US,3,2,,,1,,,,,,,,,,,10,1,2,10,1,2,FALSE,0,,,,,,,,,
62,444,,luggage,4,2,,,2,,,,,,,,,,,10,1,2,20,1,3,FALSE,0,,,,,,,,,
62,445,,,2,,,1,,1,1,working,,,,,,,,FALSE,1,,FALSE,0,,FALSE,0,,,,,,,,,
62,446,,,2,,,,1,1,2,home shopping,,,,,,,,10,1,2,20,1,4,FALSE,0,,,,,,,,,
62,447,,,2,1,,1,,,,,,,,,,,,FALSE,1,3,FALSE,0,,FALSE,0,,,,,,,,,
62,447,,,2,1,,1,,,,,,,,,,,,FALSE,1,2,FALSE,0,,FALSE,0,,,,,,,,,
62,447,,,1,,,,1,,,,,,,,,,,FALSE,0,,FALSE,1,2,FALSE,0,,,,,,,,,
62,442,,bakery,3,,,,3,,,,,,,,,,,FALSE,0,,FALSE,1,2,FALSE,0,,,,,,,,,
62,448,,,3,,,,,3,1,"home, mart, plus",,,,,,,,FALSE,1,2,FALSE,0,,FALSE,0,,,,,,,,,
62,449,,,5,1,,,3,1,2,accessory,,,,,,,,10,1,2,20,1,4,FALSE,0,,,,,,,,,
62,450,,happy noodle,2,,,,2,,,,,,,,,,,FALSE,0,,FALSE,1,2,FALSE,0,,,,,,,,,
62,451,,hyundai ad,8,,,,8,,,,,,,,,,,FALSE,0,,FALSE,1,2,FALSE,0,,,,,,,,,
63,452,,lycamobile,1,,,,1,,,,,,,,,,,FALSE,0,,FALSE,1,1,FALSE,0,,,,,,,,,
63,452,,,2,,,,2,,,,,,,,,,,FALSE,0,,FALSE,1,3,FALSE,0,,,,,,,,,
63,453,,vermont outlet,2,,,,2,,,,,,,,,,,FALSE,0,,FALSE,1,1,FALSE,0,,,,,,,,,
63,454,4,thai,3,,,,2,,,,,,,,,,,FALSE,0,,10,1,1,20,2,,,,,,,,1,
63,454,4,,3,,,,3,,,,,,,,,,,FALSE,0,,FALSE,1,3,FALSE,0,,,,,,,,,
63,454,3,,3,,,,2,,,,,,,,,,,FALSE,0,,10,1,1,20,2,,,,,,,,1,
63,454,3,,3,,,,3,,,,,,,,,,,FALSE,0,,FALSE,1,3,FALSE,0,,,,,,,,,
63,454,2,,3,,,,2,,,,,,,,,,,FALSE,0,,10,1,1,20,2,,,,,,,,1,
63,454,2,,3,,,,3,,,,,,,,,,,FALSE,0,,FALSE,1,3,FALSE,0,,,,,,,,,
63,454,1,,3,,,,2,,,,,,,,,,,FALSE,0,,10,1,1,20,2,,,,,,,,1,
63,454,1,,3,,,,3,,,,,,,,,,,FALSE,0,,FALSE,1,3,FALSE,0,,,,,,,,,
63,455,,lawyer,6,,,,6,,,,,,,,,,,FALSE,0,,FALSE,1,1,FALSE,0,,,,,,,,,
63,456,,,3,,,,3,,,,,,,,,,,FALSE,0,,FALSE,1,3,FALSE,0,,,,,,,,,
63,457,,soowon,3,,1,,2,,,,,,,,,,galbi,FALSE,0,,FALSE,1,1,FALSE,0,,,,,,,,,
63,458,,coin,2,,,,2,,,,,,,,,,,FALSE,0,,FALSE,1,1,FALSE,0,,,,,,,,,
63,459,,charbroiled chicken,4,,,,2,,,,,,,,,,,FALSE,0,,10,1,1,20,1,2,,,2,,,,,
63,458,,,6,,,,6,,,,,,,,,,,FALSE,0,,FALSE,1,1,FALSE,0,,,,,,,,,
63,460,,,2,,,,2,,,,,,,,,,,FALSE,0,,FALSE,1,3,FALSE,0,,,,,,,,,
63,461,,guatemalan bakery,2,,,,,,,,,,,,,,,FALSE,0,,FALSE,0,,FALSE,1,2,,,2,,,,,
63,461,,,8,,,,,,,,,,,,,,,FALSE,0,,FALSE,0,,FALSE,1,3,,,8,,,,,
63,462,,,2,,,,2,,,,,,,,,,,FALSE,0,,FALSE,1,2,FALSE,0,,,,,,,,,
63,463,,,2,,,,2,,,,,,,,,,,FALSE,0,,FALSE,1,2,FALSE,0,,,,,,,,,
63,464,,boost technology,2,,,,2,,,,,,,,,,,FALSE,0,,FALSE,1,,FALSE,0,,,,,,,,,
63,464,,,12,,,,6,,,,,,,,,,,FALSE,0,,10,1,3,10,1,3,,,6,,,,,
63,465,,,7,,,,7,,,,,,,,,,,FALSE,0,,FALSE,1,3,FALSE,0,,,,,,,,,
63,465,,,7,,,,7,,,,,,,,,,,FALSE,0,,FALSE,1,3,FALSE,0,,,,,,,,,
63,466,,,1,,,,,,,,,,,,,,,FALSE,0,,FALSE,0,,FALSE,1,1,,,1,,,,,
63,466,,,4,,,,,,,,,,,,,,,FALSE,0,,FALSE,0,,FALSE,1,3,,,4,,,,,
63,467,,,6,,,,6,,,,,,,,,,,FALSE,0,,FALSE,1,2,FALSE,0,,,,,,,,,
63,468,,,5,,,,,,,,,,,,,,,FALSE,0,,FALSE,0,,FALSE,1,3,,,5,,,,,
63,469,,,5,,,,5,,,,,,,,,,,FALSE,0,,FALSE,1,3,FALSE,0,,,,,,,,,
63,470,,,3,,,,2,,,,,,,,,,,FALSE,0,,10,1,1,20,1,3,,,1,,,,,
63,470,,,0,,,,,,,,,,,,,,,FALSE,0,,FALSE,0,,FALSE,0,,,,,,,,,
63,470,,,0,,,,,,,,,,,,,,,FALSE,0,,FALSE,0,,FALSE,0,,,,,,,,,
63,378,,,2,,,,2,,,,,,,,,,,FALSE,0,,FALSE,1,1,FALSE,0,,,,,,,,,
63,354,,,3,1,,,,2,1,"new, star",,,,,,,,FALSE,1,1,FALSE,0,,FALSE,0,,,,,,,,,
63,354,,,3,1,,,,2,1,"new, star",,,,,,,,FALSE,1,1,FALSE,0,,FALSE,0,,,,,,,,,
63,471,,medical clinic,13,,,,8,,,,,,,,,,,FALSE,0,,10,1,2,10,1,2,,,5,,,,,
63,472,,acupuncture,8,1,,,,,,,,,,,,,,10,1,2,FALSE,0,,10,1,2,,,7,,,,,
63,472,,,3,3,,,,,,,,,,,,,,FALSE,1,2,FALSE,0,,FALSE,0,,,,,,,,,
63,472,1,,5,,,,2,,,,,,,,,,,FALSE,0,,20,1,1,10,1,3,,,3,,,,,
63,472,1,,4,,,,2,,,,,,,,,,,FALSE,0,,10,1,3,20,1,1,,,2,,,,,
63,473,,,5,,,,5,,,,,,,,,,,FALSE,0,,FALSE,1,2,FALSE,0,,,,,,,,,
63,474,,,6,,,,6,,,,,,,,,,,FALSE,0,,FALSE,1,3,FALSE,0,,,,,,,,,
63,475,,acupuncture ,3,2,,,1,,,,,,,,,,,10,1,2,20,1,3,FALSE,0,,,,,,,,,
63,476,,,4,,,,2,,,,,,,,,,,FALSE,0,,10,1,3,10,1,3,,,2,,,,,
63,477,,,7,4,,,3,,,,,,,,,,,10,1,3,10,1,3,FALSE,0,,,,,,,,,
63,478,1,sign store,3,1,1,,1,,,,,,,,,,,10,1,1,20,1,1,FALSE,0,,,,,,,,,
63,478,1,sign store,11,6,,,1,4,1,"menu, interior, color, banner",,,,,,,,10,1,2,20,1,2,FALSE,0,,,,,,,,,
63,479,,,40,,,,20,,,,,,,,,,,FALSE,0,,10,1,4,10,1,4,,,20,,,,,
63,478,,,7,2,1,,4,,,,,,,,,,,20,1,2,10,1,2,FALSE,0,,,,,,,,,
63,480,,tyogurtland,1,,,,1,,,,,,,,,,,FALSE,0,,FALSE,1,2,FALSE,0,,,,,,,,,
63,478,,,7,4,,,3,,,,,,,,,,,10,1,3,10,1,3,FALSE,0,,,,,,,,,
63,478,,,3,,,,3,,,,,,,,,,,FALSE,0,,FALSE,1,3,FALSE,0,,,,,,,,,
63,478,,,1,,1,,,,,,,,,,,,,FALSE,0,,FALSE,1,3,FALSE,0,,,,,,,,,
63,478,,,1,,1,,,,,,,,,,,,,FALSE,0,,FALSE,1,3,FALSE,0,,,,,,,,,
63,478,,,1,,1,,,,,,,,,,,,,FALSE,0,,FALSE,1,3,FALSE,0,,,,,,,,,
63,478,,,7,,,,7,,,,,,,,,,,FALSE,0,,FALSE,1,3,FALSE,0,,,,,,,,,
63,478,,,5,,,,2,3,1,"digital, color, banner",,,,,,,,10,1,1,20,1,2,FALSE,0,,,,,,,,,
63,481,,,3,,,,3,,,,,,,,,,,FALSE,0,,FALSE,1,3,FALSE,0,,,,,,,,,
63,482,,,14,,,,14,,,,,,,,,,,FALSE,0,,FALSE,1,3,FALSE,0,,,,,,,,,
64,482,,,4,,,,4,,,,,,,,,,,FALSE,0,,FALSE,1,2,FALSE,0,,,,,,,,,
64,483,,acupuncture,4,2,1,,1,,,,,,,,,,,10,1,2,10,1,3,FALSE,0,,,,,,,,,
64,483,,,8,7,,,,1,1,medical,,,,,,,,FALSE,1,3,FALSE,0,,FALSE,0,,,,,,,,,
64,483,,,4,,,,4,,,,,,,,,,,FALSE,0,,FALSE,1,3,FALSE,0,,,,,,,,,
64,484,,,4,,,,,,,,,,,,,,,FALSE,0,,FALSE,0,,FALSE,1,2,,,4,,,,,
64,484,,,12,,,,,,,,,,,,,,,FALSE,0,,FALSE,0,,FALSE,1,3,,,12,,,,,
64,484,,la rosa,15,,,,,,,,,,,,,,,FALSE,0,,FALSE,0,,FALSE,1,3,,,15,,,,,
64,484,,la rosa,10,,,,,,,,,,,,,,,FALSE,0,,FALSE,0,,FALSE,1,3,,,10,,,,,
64,485,,moaba,3,2,,,,1,1,bar,,,,,,,,FALSE,1,2,FALSE,0,,FALSE,0,,,,,,,,,
64,485,,,4,1,,,2,1,1,bar,,,,,,,,20,1,2,10,1,1,FALSE,0,,,,,,,,,
64,485,,,4,1,,,2,1,1,bar,,,,,,,,20,1,2,10,1,1,FALSE,0,,,,,,,,,
64,486,1,,2,,,,2,,,,,,,,,,,FALSE,0,,FALSE,1,2,FALSE,0,,,,,,,,,
64,486,1,,6,,,,6,,,,,,,,,,,FALSE,0,,FALSE,1,3,FALSE,0,,,,,,,,,
64,486,2,,2,,,,2,,,,,,,,,,,FALSE,0,,FALSE,1,2,FALSE,0,,,,,,,,,
64,486,2,barber,6,,,,6,,,,,,,,,,,FALSE,0,,FALSE,1,3,FALSE,0,,,,,,,,,
64,487,,agencia de viajes,3,,,,,,,,,,,,,,,FALSE,0,,FALSE,0,,FALSE,1,3,,,3,,,,,
64,487,,,3,,,,,,,,,,,,,,,FALSE,0,,FALSE,0,,FALSE,1,2,,,3,,,,,
64,488,,,4,,,,4,,,,,,,,,,,FALSE,0,,FALSE,1,3,FALSE,0,,,,,,,,,
64,488,,income tax,3,,,,3,,,,,,,,,,,FALSE,0,,FALSE,1,3,FALSE,0,,,,,,,,,
64,488,,,4,,,,4,,,,,,,,,,,FALSE,0,,FALSE,1,3,FALSE,0,,,,,,,,,
64,488,,,4,,,,4,,,,,,,,,,,FALSE,0,,FALSE,1,3,FALSE,0,,,,,,,,,
64,487,,,3,,,,,,,,,,,,,,,FALSE,0,,FALSE,0,,FALSE,1,3,,,3,,,,,
64,489,,,3,,,,3,,,,,,,,,,,FALSE,0,,FALSE,1,2,FALSE,0,,,,,,,,,
64,490,,metropcs,2,,,,2,,,,,,,,,,,FALSE,0,,FALSE,1,1,FALSE,0,,,,,,,,,
64,489,,photo gold,2,,,,2,,,,,,,,,,,FALSE,0,,FALSE,1,3,FALSE,0,,,,,,,,,
64,491,,liquor,1,,,,1,,,,,,,,,,,FALSE,0,,FALSE,1,2,FALSE,0,,,,,,,,,
64,491,,,1,,,,1,,,,,,,,,,,FALSE,0,,FALSE,1,3,FALSE,0,,,,,,,,,
64,488,,,7,,,,7,,,,,,,,,,,FALSE,0,,FALSE,1,2,FALSE,0,,,,,,,,,
64,490,,,1,,,,1,,,,,,,,,,,FALSE,0,,FALSE,1,3,FALSE,0,,,,,,,,,
64,491,,,1,,,,1,,,,,,,,,,,FALSE,0,,FALSE,1,2,FALSE,0,,,,,,,,,
64,485,,,3,2,,,,1,1,bar,,,,,,,,FALSE,1,,FALSE,0,,FALSE,0,,,,,,,,,
64,482,3,bartending,2,,,,2,,,,,,,,,,,FALSE,0,,FALSE,1,2,FALSE,0,,,,,,,,,
64,482,3,,2,,,,2,,,,,,,,,,,FALSE,0,,FALSE,1,3,FALSE,0,,,,,,,,,
64,483,,,1,,,,,,,,,,,,,,,FALSE,0,,FALSE,0,,FALSE,1,2,,,1,,,,,
64,484,,la rosa,6,,,,,,,,,,,,,,,FALSE,0,,FALSE,0,,FALSE,1,2,,,6,,,,,
64,487,,,3,,,,,,,,,,,,,,,FALSE,0,,FALSE,0,,FALSE,1,2,,,3,,,,,
64,490,,,2,,,,2,,,,,,,,,,,FALSE,0,,FALSE,1,2,FALSE,0,,,,,,,,,
64,492,,mever gift,2,,,,2,,,,,,,,,,,FALSE,0,,FALSE,1,2,FALSE,0,,,,,,,,,
64,486,,,3,,,,3,,,,,,,,,,,FALSE,0,,FALSE,1,2,FALSE,0,,,,,,,,,
64,493,,lawyer,7,,,,7,,,,,,,,,,,FALSE,0,,FALSE,1,1,FALSE,0,,,,,,,,,
64,494,,korean J,3,,1,,2,,,,,,,,,,,FALSE,0,,FALSE,1,1,FALSE,0,,,,,,,,,
64,494,,korean J,3,,1,,2,,,,,,,,,,,FALSE,0,,FALSE,1,1,FALSE,0,,,,,,,,,
64,494,,korean J,5,,,,5,,,,,,,,,,,FALSE,0,,FALSE,1,1,FALSE,0,,,,,,,,,
64,495,,vermont plaza,2,,,,2,,,,,,,,,,,FALSE,0,,FALSE,1,1,FALSE,0,,,,,,,,,
64,496,,sushi,2,1,,,1,,,,,,,,,,,10,1,1,20,1,1,FALSE,0,,,,,,,,,
64,497,,thomasito,4,,,1,2,,,,,,,,,,,20,1,2,10,1,1,30,1,2,,,1,,,,,
64,497,,,3,,,1,2,,,,,,,,,,,10,1,1,20,1,1,FALSE,0,,,,,,,,,
64,497,,,3,,,1,2,,,,,,,,,,,10,1,1,20,1,1,FALSE,0,,,,,,,,,
64,498,,newspaper box 1,2,,,,,,,,,,,,,,,FALSE,0,,FALSE,0,,FALSE,1,3,,,2,,,,,
64,499,,newspaper box 2,2,,,,,,,,,,,,,,,FALSE,0,,FALSE,0,,FALSE,1,3,,,2,,,,,
64,498,,,2,,,,,,,,,,,,,,,FALSE,0,,FALSE,0,,FALSE,1,4,,,2,,,,,
64,499,,,2,,,,,,,,,,,,,,,FALSE,0,,FALSE,0,,FALSE,1,4,,,2,,,,,
64,500,,,3,,,,1,,,,,,,,,,,FALSE,0,,10,1,1,10,1,1,,,2,,,,,
64,454,,,2,,,,2,,,,,,,,,,,FALSE,0,,FALSE,1,1,FALSE,0,,,,,,,,,
64,501,,,2,,,,2,,,,,,,,,,,FALSE,0,,FALSE,1,1,FALSE,0,,,,,,,,,
64,454,,,2,,,,2,,,,,,,,,,,FALSE,0,,FALSE,1,2,FALSE,0,,,,,,,,,
64,457,,,3,2,1,,,,,,,,,,,,galbi,10,1,1,20,1,1,FALSE,0,,,,,,,,,
64,502,,,0,,,,,,,,,,,,,,,FALSE,0,,FALSE,0,,FALSE,0,,,,,,,,,
64,494,,,26,,,,26,,,,,,,,,,,FALSE,0,,FALSE,1,4,FALSE,0,,,,,,,,,
64,494,,,2,,,,2,,,,,,,,,,,FALSE,0,,FALSE,1,3,FALSE,0,,,,,,,,,
64,494,,,18,,,,18,,,,,,,,,,,FALSE,0,,FALSE,1,4,FALSE,0,,,,,,,,,
64,503,1,grace yoo,1,,,,1,,,,,,,,,,,FALSE,0,,FALSE,1,3,FALSE,0,,,,,,,,,
64,503,1,,8,,,,8,,,,,,,,,,,FALSE,0,,FALSE,1,4,FALSE,0,,,,,,,,,
64,504,1,,3,,,,,,,,,,,,,,,FALSE,0,,FALSE,0,,FALSE,1,4,,,3,,,,,
64,504,1,,7,,,,,,,,,,,,,,,FALSE,0,,FALSE,0,,FALSE,1,4,,,7,,,,,
65,505,,big bear,3,,,,3,,,,,,,,,,,FALSE,0,,FALSE,1,3,FALSE,0,,,,,,,,,
65,505,,,3,,,,3,,,,,,,,,,,FALSE,0,,FALSE,1,2,FALSE,0,,,,,,,,,
65,505,,,4,2,,2,,,,,,,,,,,,FALSE,1,2,FALSE,0,,FALSE,0,,,,,,,,,
65,506,,,3,,,,,,,,,,,,,,,FALSE,0,,FALSE,0,,FALSE,1,2,,,3,,,,,
65,506,,,23,,,,,,,,,,,,,,,FALSE,0,,FALSE,0,,FALSE,1,4,,,23,,,,,
65,507,1,poster,6,,,,,,,,,,,,,,,FALSE,0,,FALSE,0,,FALSE,1,4,,,6,,,,,
65,507,1,,3,,,,,,,,,,,,,,,FALSE,0,,FALSE,0,,FALSE,1,3,,,3,,,,,
65,508,,wendy's hair,3,,,,3,,,,,,,,,,,FALSE,0,,FALSE,1,1,FALSE,0,,,,,,,,,
65,508,,,10,,,,5,,,,,,,,,,,FALSE,0,,10,1,4,10,1,4,,,5,,,,,
65,509,,bike,4,,,,4,,,,,,,,,,,FALSE,0,,FALSE,1,2,FALSE,0,,,,,,,,,
65,509,,,11,,,,11,,,,,,,,,,,FALSE,0,,FALSE,1,3,FALSE,0,,,,,,,,,
65,510,,graffiti,1,,,,1,,,,,,,,,,,FALSE,0,,FALSE,1,1,FALSE,0,,,,,,,,,
65,511,,barber shop,2,,,,2,,,,,,,,,,,FALSE,0,,FALSE,1,3,FALSE,0,,,,,,,,,
65,511,,,3,,,,3,,,,,,,,,,,FALSE,0,,FALSE,1,2,FALSE,0,,,,,,,,,
65,512,,,2,,,,2,,,,,,,,,,,FALSE,0,,FALSE,1,1,FALSE,0,,,,,,,,,
65,511,,,2,,,,2,,,,,,,,,,,FALSE,0,,FALSE,1,1,FALSE,0,,,,,,,,,
65,513,,soup,1,1,,,,,,,,,,,,,,FALSE,1,1,FALSE,0,,FALSE,0,,,,,,,,,
65,513,,,1,1,,,,,,,,,,,,,,FALSE,1,1,FALSE,0,,FALSE,0,,,,,,,,,
65,514,,laundry,2,,,,1,,,,,,,,,,,FALSE,0,,20,1,1,10,1,1,,,1,,,,,
65,515,,café,1,,,,1,,,,,,,,,,,FALSE,0,,FALSE,1,1,FALSE,0,,,,,,,,,
65,,,,1,,,,1,,,,,,,,,,,FALSE,0,,FALSE,1,1,FALSE,0,,,,,,,,,
65,514,,,1,,,,1,,,,,,,,,,,FALSE,0,,FALSE,1,1,FALSE,0,,,,,,,,,
65,515,,barber shop,1,1,,,,,,,,,,,,,,FALSE,1,1,FALSE,0,,FALSE,0,,,,,,,,,
65,496,,sushi,2,1,,,1,,,,,,,,,,,10,1,1,20,1,1,FALSE,0,,,,,,,,,
65,496,,,3,,1,,2,,,,,,,,,,,FALSE,0,,FALSE,1,2,FALSE,0,,,,,,,,,
65,496,,,1,,,,,,,,,,,,,,,FALSE,0,,FALSE,0,,FALSE,1,1,,1,,,,,,
65,516,,crab,2,2,,,,,,,,,,,,,,FALSE,1,,FALSE,0,,FALSE,0,,,,,,,,,
65,516,,,7,,,,1,,,,,,,,,,,FALSE,0,,20,1,2,10,1,2,6,,,,,,,
65,516,,,2,2,,,,,,,,,,,,,,FALSE,1,1,FALSE,0,,FALSE,0,,,,,,,,,
65,516,,,2,2,,,,,,,,,,,,,,FALSE,1,1,FALSE,0,,FALSE,0,,,,,,,,,
65,517,,hanmi,2,,1,,1,,,,,,,,,,,FALSE,0,,FALSE,1,1,FALSE,0,,,,,,,,,
65,518,,spa,3,,,,3,,,,,,,,,,,FALSE,0,,FALSE,1,1,FALSE,0,,,,,,,,,
65,519,,bbq,6,2,2,,2,,,,,,,,,,,10,1,1,20,1,2,FALSE,0,,,,,,,,,
65,520,,san marino,4,,,,4,,,,,,,,,,,FALSE,0,,FALSE,1,2,FALSE,0,,,,,,,,,
65,518,,,2,,,,2,,,,,,,,,,,FALSE,0,,FALSE,1,1,FALSE,0,,,,,,,,,
65,521,,smoke,2,,,,2,,,,,,,,,,,FALSE,0,,FALSE,1,2,FALSE,0,,,,,,,,,
65,522,,hosana,3,2,,1,,,,,,,,,,,,FALSE,1,2,FALSE,0,,FALSE,0,,,,,,,,,
65,519,,bbq,4,2,,,2,,,,,,,,,,,10,1,2,20,1,3,FALSE,0,,,,,,,,,
65,523,,hana,2,2,,,,,,,,,,,,,,FALSE,1,2,FALSE,0,,FALSE,0,,,,,,,,,
65,524,,rose massage,2,,,,2,,,,,,,,,,,FALSE,0,,FALSE,1,2,FALSE,0,,,,,,,,,
65,525,,church,3,3,,,,,,,,,,,,,,FALSE,1,2,FALSE,0,,FALSE,0,,,,,,,,,
65,526,1,auto,1,,,,1,,,,,,,,,,,FALSE,0,,FALSE,1,1,FALSE,0,,,,,,,,,
65,526,1,,2,,,,2,,,,,,,,,,,FALSE,0,,FALSE,1,3,FALSE,0,,,,,,,,,
65,527,,car,2,2,,,,,,,,,,,,,,FALSE,1,1,FALSE,0,,FALSE,0,,,,,,,,,
65,516,,,8,8,,,,,,,,,,,,,,FALSE,1,3,FALSE,0,,FALSE,0,,,,,,,,,
65,528,,koreana,6,,,1,3,2,1,"curtain, carpet",,,,,,,,10,1,1,20,1,3,FALSE,0,,,,,,,,,
65,528,,,1,1,,,,,,,,,,,,,,FALSE,1,1,FALSE,0,,FALSE,0,,,,,,,,,
65,528,,,3,,,1,,2,1,"curtain, carpet",,,,,,,,FALSE,1,3,FALSE,0,,FALSE,0,,,,,,,,,
65,515,,aracely,2,,,,2,,,,,,,,,,,FALSE,0,,FALSE,1,2,FALSE,0,,,,,,,,,
65,,,,3,,,,3,,,,,,,,,,,FALSE,0,,FALSE,1,2,FALSE,0,,,,,,,,,
65,514,,laundry,3,,,,3,,,,,,,,,,,FALSE,0,,FALSE,1,2,FALSE,0,,,,,,,,,
65,511,,hair town,4,1,,,2,1,1,town,,,,,,,,20,1,2,10,1,1,FALSE,0,,,,,,,,,
65,515,,café,1,,,,1,,,,,,,,,,,FALSE,0,,FALSE,1,2,FALSE,0,,,,,,,,,
65,496,,,7,7,,,,,,,,,,,,,,FALSE,1,4,FALSE,0,,FALSE,0,,,,,,,,,
65,496,,,4,2,,,2,,,,,,,,,,,10,1,4,20,1,4,FALSE,0,,,,,,,,,
65,496,,,4,2,2,,,,,,,,,,,,,10,1,4,20,1,4,FALSE,0,,,,,,,,,
65,496,,,6,,,,6,,,,,,,,,,,FALSE,0,,FALSE,1,4,FALSE,0,,,,,,,,,
65,496,,,3,2,,,1,,,,,,,,,,,20,1,4,10,1,3,FALSE,0,,,,,,,,,
65,515,,,2,,,,,2,1,"coffee, boba",,,,,,,,FALSE,1,3,FALSE,0,,FALSE,0,,,,,,,,,
65,511,,,6,1,,,4,1,1,town,,,,,,,,20,1,3,10,1,3,FALSE,0,,,,,,,,,
65,497,,,3,,,,3,,,,,,,,,,,FALSE,0,,FALSE,1,1,FALSE,0,,,,,,,,,
65,529,,victory golf,3,2,,,,1,1,win,,,,,,,,FALSE,1,1,FALSE,0,,FALSE,0,,,,,,,,,
65,530,,ad,3,,,,3,,,,,,,,,,,FALSE,0,,FALSE,1,1,FALSE,0,,,,,,,,,
66,531,,yongsusan,3,1,,,2,,,,,,,,,,,10,1,1,20,1,2,FALSE,0,,,,,,,,,
66,531,,,2,,1,,,,,,,,,,,,,FALSE,0,,10,1,1,20,1,3,1,,,,,,,
66,532,,hanaro,3,2,1,,,,,,,,,,,,,20,1,3,10,1,1,FALSE,0,,,,,,,,,
66,531,1,yongsusan,1,,1,,,,,,,,,,,,,FALSE,0,,FALSE,1,1,FALSE,0,,,,,,,,,
66,531,1,,2,,,,2,,,,,,,,,,,FALSE,0,,FALSE,1,3,FALSE,0,,,,,,,,,
66,531,2,,1,,1,,,,,,,,,,,,,FALSE,0,,FALSE,1,3,FALSE,0,,,,,,,,,
66,531,2,,2,,,,2,,,,,,,,,,,FALSE,0,,FALSE,1,4,FALSE,0,,,,,,,,,
66,531,3,,1,,1,,,,,,,,,,,,,FALSE,0,,FALSE,1,3,FALSE,0,,,,,,,,,
66,531,3,,2,,,,2,,,,,,,,,,,FALSE,0,,FALSE,1,4,FALSE,0,,,,,,,,,
66,533,1,the dragon,2,,,,2,,,,,,,,,,,FALSE,0,,FALSE,1,4,FALSE,0,,,,,,,,,
66,533,1,,3,,,,2,,,,,,,,,,,FALSE,0,,20,1,2,10,1,1,1,,,,,,,
66,533,,,3,,,,2,,,,,,,,,,,FALSE,0,,20,1,4,10,1,2,1,,,,,,,
66,533,,,7,3,,,3,1,1,organic,,,,,,,,10,1,2,20,1,4,FALSE,0,,,,,,,,,
66,534,,,2,,,,2,,,,,,,,,,,FALSE,0,,FALSE,1,3,FALSE,0,,,,,,,,,
66,535,,park's,2,2,,,,,,,,,,,,,,FALSE,1,2,FALSE,0,,FALSE,0,,,,,,,,,
66,535,,park's,2,2,,,,,,,,,,,,,,FALSE,1,1,FALSE,0,,FALSE,0,,,,,,,,,
66,535,,,2,,,,2,,,,,,,,,,,FALSE,0,,FALSE,1,1,FALSE,0,,,,,,,,,
66,536,,massage,1,,,,1,,,,,,,,,,,FALSE,0,,FALSE,1,2,FALSE,0,,,,,,,,,
66,536,,massage,1,,,,1,,,,,,,,,,,FALSE,0,,FALSE,1,2,FALSE,0,,,,,,,,,
66,537,,gwak,3,1,,,,2,1,"hair, nail",,,,,,,,FALSE,1,2,FALSE,0,,FALSE,0,,,,,,,,,
66,537,,gwak,3,1,,,,2,1,"hair, nail",,,,,,,,FALSE,1,2,FALSE,0,,FALSE,0,,,,,,,,,
66,536,,,1,,,,1,,,,,,,,,,,FALSE,0,,FALSE,1,2,FALSE,0,,,,,,,,,
66,536,,,1,,,,1,,,,,,,,,,,FALSE,0,,FALSE,1,2,FALSE,0,,,,,,,,,
66,538,,hanbang,3,3,,,,,,,,,,,,,,FALSE,1,2,FALSE,0,,FALSE,0,,,,,,,,,
66,538,,hanbang,3,3,,,,,,,,,,,,,,FALSE,1,1,FALSE,0,,FALSE,0,,,,,,,,,
66,538,,,6,3,1,,2,,,,,,,,,,,10,1,3,20,1,3,FALSE,0,,,,,,,,,
66,538,,,3,3,,,,,,,,,,,,,,FALSE,1,2,FALSE,0,,FALSE,0,,,,,,,,,
66,538,,,7,7,,,,,,,,,,,,,,FALSE,1,3,FALSE,0,,FALSE,0,,,,,,,,,
66,538,,,2,2,,,,,,,,,,,,,,FALSE,1,3,FALSE,0,,FALSE,0,,,,,,,,,
66,535,,,2,2,,,,,,,,,,,,,,FALSE,1,3,FALSE,0,,FALSE,0,,,,,,,,,
66,535,,,2,2,,,,,,,,,,,,,,FALSE,1,3,FALSE,0,,FALSE,0,,,,,,,,,
66,535,,,2,2,,,,,,,,,,,,,,FALSE,1,3,FALSE,0,,FALSE,0,,,,,,,,,
66,535,,,2,2,,,,,,,,,,,,,,FALSE,1,3,FALSE,0,,FALSE,0,,,,,,,,,
66,535,,,2,2,,,,,,,,,,,,,,FALSE,1,3,FALSE,0,,FALSE,0,,,,,,,,,
66,539,1,c-beauty,2,,,,2,,,,,,,,,,,FALSE,0,,FALSE,1,2,FALSE,0,,,,,,,,,
66,539,1,c-beauty,2,,,,2,,,,,,,,,,,FALSE,0,,FALSE,1,2,FALSE,0,,,,,,,,,
66,539,1,,3,,,,3,,,,,,,,,,,FALSE,0,,FALSE,1,3,FALSE,0,,,,,,,,,
66,540,,jum,1,1,,,,,,,,,,,,,,FALSE,1,2,FALSE,0,,FALSE,0,,,,,,,,,
66,541,,smoke,2,,,,2,,,,,,,,,,,FALSE,0,,FALSE,1,2,FALSE,0,,,,,,,,,
66,541,,smoke,2,,,,2,,,,,,,,,,,FALSE,0,,FALSE,1,2,FALSE,0,,,,,,,,,
66,542,,ganbai,1,,,1,,,,,,,,,,,,FALSE,1,2,FALSE,0,,FALSE,0,,,,,,,,,
66,542,,ganbai,1,,,1,,,,,,,,,,,,FALSE,1,2,FALSE,0,,FALSE,0,,,,,,,,,
66,543,,puppy,3,,,,3,,,,,,,,,,,FALSE,0,,FALSE,1,2,FALSE,0,,,,,,,,,
66,543,,puppy,3,,,,3,,,,,,,,,,,FALSE,0,,FALSE,1,1,FALSE,0,,,,,,,,,
66,542,,ganbai,2,,,1,,,,,,,,,,,,10,1,2,FALSE,0,,20,1,3,,1,,,,,,
66,543,,shoe repair,11,8,,,3,,,,,,,,,,,20,1,4,10,1,3,FALSE,0,,,,,,,,,
66,544,,na sung plaza,3,,,,3,,,,,,,,,,,FALSE,0,,FALSE,1,1,FALSE,0,,,,,,,,,
66,545,,ground opp,24,6,,,6,,,,,,,,,,,20,1,4,10,1,3,20,1,4,6,6,,,,,,
66,546,,repair other,2,2,,,,,,,,,,,,,,FALSE,1,3,FALSE,0,,FALSE,0,,,,,,,,,
66,547,,best travel,4,1,,,2,1,1,best,,,,,,,,10,1,2,20,1,3,FALSE,0,,,,,,,,,
66,548,,massage,1,,,,1,,,,,,,,,,,FALSE,0,,FALSE,1,1,FALSE,0,,,,,,,,,
66,548,,,3,,,,3,,,,,,,,,,,FALSE,0,,FALSE,1,4,FALSE,0,,,,,,,,,
66,549,,berjang,3,2,,,1,,,,,,,,,,,10,1,1,20,1,2,FALSE,0,,,,,,,,,
66,549,1,,15,2,,,5,6,1,"hair, manicure, coating, silk, keratin, color",2,2,"treatment, magic",,,,,10,1,2,20,1,3,FALSE,0,,,,,,,,,
66,549,1,,3,3,,,,,,,,,,,,,,FALSE,1,3,FALSE,0,,FALSE,0,,,,,,,,,
66,549,,,2,2,,,,,,,,,,,,,,FALSE,1,2,FALSE,0,,FALSE,0,,,,,,,,,
66,550,,,3,,,,,3,1,"total, fashion, sense",,,,,,,,FALSE,1,3,FALSE,0,,FALSE,0,,,,,,,,,
66,550,,,2,,,,2,,,,,,,,,,,FALSE,0,,FALSE,1,3,FALSE,0,,,,,,,,,
66,550,,,2,,,,2,,,,,,,,,,,FALSE,0,,FALSE,1,1,FALSE,0,,,,,,,,,
66,549,,,15,10,,,5,,,,,,,,,,,20,1,4,10,1,3,FALSE,0,,,,,,,,,
66,549,,,2,,,,2,,,,,,,,,,,FALSE,0,,FALSE,1,,FALSE,0,,,,,,,,,
66,551,,,3,,1,,,2,1,"shopping, mall",,,,,,,,10,1,2,20,1,2,FALSE,0,,,,,,,,,
66,551,,,6,6,,,,,,,,,,,,,,FALSE,1,3,FALSE,0,,FALSE,0,,,,,,,,,
66,551,,,2,,,,,2,1,"big, sale",,,,,,,,FALSE,1,3,FALSE,0,,FALSE,0,,,,,,,,,
66,551,,,4,3,,,,1,1,accessory,,,,,,,,FALSE,1,3,FALSE,0,,FALSE,0,,,,,,,,,
66,551,,,3,,1,,,2,1,"shopping, mall",,,,,,,,10,1,2,20,1,2,FALSE,0,,,,,,,,,
66,551,,,3,,1,,,2,1,"shopping, mall",,,,,,,,10,1,2,20,1,2,FALSE,0,,,,,,,,,
66,551,1,,2,1,,,,1,1,sale,,,,,,,,FALSE,1,2,FALSE,0,,FALSE,0,,,,,,,,,
66,551,1,,18,12,,,,6,1,"shopping, wholesale, big, sale, internet, shopping",,,,,,,,FALSE,1,4,FALSE,0,,FALSE,0,,,,,,,,,
66,552,,,2,,,,2,,,,,,,,,,,FALSE,0,,FALSE,1,2,FALSE,0,,,,,,,,,
66,526,2,vermont auto,1,,,,1,,,,,,,,,,,FALSE,0,,FALSE,1,1,FALSE,0,,,,,,,,,
66,526,2,,2,,,,2,,,,,,,,,,,FALSE,0,,FALSE,1,3,FALSE,0,,,,,,,,,
66,525,,,3,3,,,,,,,,,,,,,,FALSE,1,2,FALSE,0,,FALSE,0,,,,,,,,,
67,533,,,10,5,1,,4,,,,,,,,,,,10,1,3,10,1,3,FALSE,0,,,,,,,,,
67,533,,,3,,,,2,,,,,,,,,,,FALSE,0,,20,1,4,10,1,3,1,,,,,,,
67,533,,,5,,,,4,,,,,,,,,,,FALSE,0,,20,1,1,10,1,1,1,,,,,,,
67,533,,,5,,,,4,,,,,,,,,,,FALSE,0,,20,1,1,10,1,1,1,,,,,,,
67,552,1,gold finger,6,2,,,4,,,,,,,,,,,20,1,4,10,1,4,FALSE,0,,,,,,,,,
67,552,1,,2,,,,2,,,,,,,,,,,FALSE,0,,FALSE,1,2,FALSE,0,,,,,,,,,
67,552,,,2,,,,2,,,,,,,,,,,FALSE,0,,FALSE,1,3,FALSE,0,,,,,,,,,
67,553,1,exon,3,,,,3,,,,,,,,,,,FALSE,0,,FALSE,1,4,FALSE,0,,,,,,,,,
67,553,1,,1,,,,1,,,,,,,,,,,FALSE,0,,FALSE,1,2,FALSE,0,,,,,,,,,
67,554,,sharon,6,3,,,1,1,1,makeup,1,2,cover,,,,,20,1,3,10,1,2,FALSE,0,,,,,,,,,
67,554,,,4,,,,4,,,,,,,,,,,FALSE,0,,FALSE,1,3,FALSE,0,,,,,,,,,
67,555,,dentist,3,2,,,1,,,,,,,,,,,10,1,2,20,1,2,FALSE,0,,,,,,,,,
67,556,,olympic,7,3,,1,3,,,,,,,,,,,10,1,1,20,1,4,FALSE,0,,,,,,,,,
67,556,,,6,6,,,,,,,,,,,,,,FALSE,1,2,FALSE,0,,FALSE,0,,,,,,,,,
67,557,,,2,1,,,1,,,,,,,,,,,10,1,2,20,1,3,FALSE,0,,,,,,,,,
67,558,,realty,3,1,,,,2,1,land,,,,,,,,FALSE,1,2,FALSE,0,,FALSE,0,,,,,,,,,
67,559,,realty school,2,2,,,,,,,,,,,,,,FALSE,1,2,FALSE,0,,FALSE,0,,,,,,,,,
67,558,,,2,,,,2,,,,,,,,,,,FALSE,0,,FALSE,1,2,FALSE,0,,,,,,,,,
67,558,,,2,,,,2,,,,,,,,,,,FALSE,0,,FALSE,1,3,FALSE,0,,,,,,,,,
67,558,,,2,,,,2,,,,,,,,,,,FALSE,0,,FALSE,1,3,FALSE,0,,,,,,,,,
67,558,,,2,,,,2,,,,,,,,,,,FALSE,0,,FALSE,1,3,FALSE,0,,,,,,,,,
67,558,,,2,,,,2,,,,,,,,,,,FALSE,0,,FALSE,1,3,FALSE,0,,,,,,,,,
67,560,,hair love,4,2,,,2,,,,,,,,,,,10,1,3,20,1,3,FALSE,0,,,,,,,,,
67,560,,hair love,2,2,,,,,,,,,,,,,,FALSE,1,,FALSE,0,,FALSE,0,,,,,,,,,
67,560,,,12,2,,,10,,,,,,,,,,,20,1,3,10,1,3,FALSE,0,,,,,,,,,
67,561,,shogun,6,4,1,,1,,,,,,,,,,,20,1,1,10,1,3,FALSE,0,,,,,,,,,
67,561,,shogun,6,4,1,,1,,,,,,,,,,,20,1,2,10,1,2,FALSE,0,,,,,,,,,
67,562,,welcomm realty,2,,,,2,,,,,,,,,,,FALSE,0,,FALSE,1,2,FALSE,0,,,,,,,,,
67,563,,lab italee,2,,,,2,,,,,,,,,,,FALSE,0,,FALSE,1,2,FALSE,0,,,,,,,,,
67,563,,,4,1,,1,2,,,,,,,,,,,20,1,3,10,1,2,FALSE,0,,,,,,,,,
67,563,,,1,,,,1,,,,,,,,,,,FALSE,0,,FALSE,1,2,FALSE,0,,,,,,,,,
67,563,,,4,1,,1,2,,,,,,,,,,,20,1,3,10,1,2,FALSE,0,,,,,,,,,
68,564,,word of life plaza,4,,,,4,,,,,,,,,,,FALSE,0,,FALSE,1,1,FALSE,0,,,,,,,,,
68,565,,top dental,3,1,,,1,1,1,top,,,,,,,,10,1,2,10,1,2,FALSE,0,,,,,,,,,
68,565,,top dental,4,1,,,2,1,1,top,,,,,,,,20,1,3,10,1,1,FALSE,0,,,,,,,,,
68,566,,sun travel,2,,,,2,,,,,,,,,,,10,0,,20,1,3,FALSE,0,,,,,,,,,
68,566,,sun travel,6,2,,,4,,,,,,,,,,,10,1,2,20,1,4,FALSE,0,,,,,,,,,
68,567,,verizon,2,,,,,2,1,"allstar, wireless",,,,,,,,FALSE,1,3,FALSE,0,,FALSE,0,,,,,,,,,
68,567,,,2,,,,2,,,,,,,,,,,FALSE,0,,FALSE,1,2,FALSE,0,,,,,,,,,
68,568,,we share,2,,,,2,,,,,,,,,,,FALSE,0,,FALSE,1,1,FALSE,0,,,,,,,,,
68,569,,secret,2,,,,2,,,,,,,,,,,FALSE,0,,FALSE,1,2,FALSE,0,,,,,,,,,
68,570,1,pechanga,3,,,,3,,,,,,,,,,,FALSE,0,,FALSE,1,2,FALSE,0,,,,,,,,,
68,570,1,,4,2,,,2,,,,,,,,,,,10,1,2,20,1,3,FALSE,0,,,,,,,,,
68,571,,auto insurance bench,2,,,,2,,,,,,,,,,,FALSE,0,,FALSE,1,2,FALSE,0,,,,,,,,,
68,573,,ad,8,,,,8,,,,,,,,,,,FALSE,0,,FALSE,1,3,FALSE,0,,,,,,,,,
68,572,,La medical,3,2,,,1,,,,,,,,,,,10,1,1,10,1,1,FALSE,0,,,,,,,,,
68,572,,,4,,,,4,,,,,,,,,,,FALSE,0,,FALSE,1,1,FALSE,0,,,,,,,,,
68,574,,doc,3,3,,,,,,,,,,,,,,FALSE,1,1,FALSE,0,,FALSE,0,,,,,,,,,
68,575,,imaging,1,,,,,1,1,imaging,,,,,,,,FALSE,1,1,FALSE,0,,FALSE,0,,,,,,,,,
68,576,,mash,1,,,,1,,,,,,,,,,,FALSE,0,,FALSE,1,1,FALSE,0,,,,,,,,,
68,577,,pharm,2,1,,,,1,1,eden,,,,,,,,FALSE,1,1,FALSE,0,,FALSE,0,,,,,,,,,
68,578,,deepskin,1,,,,1,,,,,,,,,,,FALSE,0,,FALSE,1,1,FALSE,0,,,,,,,,,
68,579,,dentist,3,3,,,,,,,,,,,,,,FALSE,1,1,FALSE,0,,FALSE,0,,,,,,,,,
68,579,,,5,3,1,,1,,,,,,,,,,,10,1,1,20,1,2,FALSE,0,,,,,,,,,
68,580,,kyung mo,3,2,1,,,,,,,,,,,,,10,1,1,20,1,2,FALSE,0,,,,,,,,,
68,581,,new seoul center,5,,,,5,,,,,,,,,,,FALSE,0,,FALSE,1,1,FALSE,0,,,,,,,,,
68,581,,,1,,,,1,,,,,,,,,,,FALSE,0,,FALSE,1,1,FALSE,0,,,,,,,,,
68,582,,pollo,3,,,,,,,,,,,,,,,FALSE,0,,FALSE,0,,FALSE,1,2,,,3,,,,,
68,582,,,4,,,,2,,,,,,,,,,,FALSE,0,,10,1,3,10,1,3,,,2,,,,,
68,598,,,4,1,,,3,,,,,,,,,,,20,1,3,10,1,2,FALSE,0,,,,,,,,,
68,583,,cleopatra,3,,,,3,,,,,,,,,,,FALSE,0,,FALSE,1,2,FALSE,0,,,,,,,,,
68,584,,hera,2,1,,,1,,,,,,,,,,,10,1,2,10,1,2,FALSE,0,,,,,,,,,
68,585,,shisheido,1,,,,1,,,,,,,,,,,FALSE,0,,FALSE,1,2,FALSE,0,,,,,,,,,
68,586,,parking,1,,,,1,,,,,,,,,,,FALSE,0,,FALSE,1,2,FALSE,0,,,,,,,,,
68,587,,gas,2,,,,2,,,,,,,,,,,FALSE,0,,FALSE,1,3,FALSE,0,,,,,,,,,
68,588,,crestwood,1,,,,1,,,,,,,,,,,FALSE,0,,FALSE,1,1,FALSE,0,,,,,,,,,
68,589,,street sign,3,,,,3,,,,,,,,,,,FALSE,0,,FALSE,1,3,FALSE,0,,,,,,,,,
68,590,,blank yoo,2,,,,2,,,,,,,,,,,FALSE,0,,FALSE,1,3,FALSE,0,,,,,,,,,
68,591,,david kim,2,,,,2,,,,,,,,,,,FALSE,0,,FALSE,1,3,FALSE,0,,,,,,,,,
68,592,,david yang,2,,,,2,,,,,,,,,,,FALSE,0,,FALSE,1,3,FALSE,0,,,,,,,,,
68,587,,,2,,,,2,,,,,,,,,,,FALSE,0,,FALSE,1,3,FALSE,0,,,,,,,,,
68,593,,,2,,,,2,,,,,,,,,,,FALSE,0,,FALSE,1,3,FALSE,0,,,,,,,,,
68,594,,car ad about children,6,6,,,,,,,,,,,,,,FALSE,1,1,FALSE,0,,FALSE,0,,,,,,,,,
68,595,,hong bao,4,,1,,,3,1,"asian, restaurant, open",,,,,,,,10,1,1,20,1,1,FALSE,0,,,,,,,,,
68,596,,olympictravael,2,1,1,,,,,,,,,,,,,10,1,2,20,1,3,FALSE,0,,,,,,,,,
68,597,,new seoul,3,2,,,,1,1,new,,,,,,,,FALSE,1,2,FALSE,0,,FALSE,0,,,,,,,,,
68,599,,vitamins,2,2,,,,,,,,,,,,,,FALSE,1,2,FALSE,0,,FALSE,0,,,,,,,,,
68,600,,mystic beauty,4,,,2,2,,,,,,,,,,,20,1,4,10,1,1,FALSE,0,,,,,,,,,
68,597,,new seoul,5,,,,5,,,,,,,,,,,FALSE,0,,FALSE,1,3,FALSE,0,,,,,,,,,
68,601,,,3,3,,,,,,,,,,,,,,FALSE,1,2,FALSE,0,,FALSE,0,,,,,,,,,
68,602,,,2,,,,2,,,,,,,,,,,FALSE,0,,FALSE,1,2,FALSE,0,,,,,,,,,
68,583,,,1,,,,1,,,,,,,,,,,FALSE,0,,FALSE,1,2,FALSE,0,,,,,,,,,
68,603,,yewon,4,4,,,,,,,,,,,,,,FALSE,1,2,FALSE,0,,FALSE,0,,,,,,,,,
68,604,,skin,3,,,,3,,,,,,,,,,,FALSE,0,,FALSE,1,2,FALSE,0,,,,,,,,,
68,605,,new seoul,5,,,,5,,,,,,,,,,,FALSE,0,,FALSE,1,2,FALSE,0,,,,,,,,,
68,605,,,5,,,,5,,,,,,,,,,,FALSE,0,,FALSE,1,4,FALSE,0,,,,,,,,,
68,572,,,4,,,,4,,,,,,,,,,,FALSE,0,,FALSE,1,3,FALSE,0,,,,,,,,,
68,572,,,3,3,,,,,,,,,,,,,,FALSE,1,1,FALSE,0,,FALSE,0,,,,,,,,,
68,572,,,5,,1,,4,,,,,,,,,,,FALSE,0,,FALSE,1,2,FALSE,0,,,,,,,,,
68,572,1,,5,2,,,3,,,,,,,,,,,10,1,2,20,1,2,FALSE,0,,,,,,,,,
68,572,1,,4,4,,,,,,,,,,,,,,FALSE,1,2,FALSE,0,,FALSE,0,,,,,,,,,
68,606,,sleep,7,3,,,4,,,,,,,,,,,10,1,2,20,1,3,FALSE,0,,,,,,,,,
68,607,,,3,,,,,,,,,,,,,,,FALSE,0,,FALSE,0,,FALSE,1,2,,,3,,,,,
68,608,,chiro,1,,,,,,,,,,,,,,,FALSE,0,,FALSE,0,,FALSE,1,2,,,1,,,,,
68,577,,eden,3,,,,2,,,,,,,,,,,FALSE,0,,10,1,2,20,1,3,,,1,,,,,
68,578,,,1,,,,1,,,,,,,,,,,FALSE,0,,FALSE,1,2,FALSE,0,,,,,,,,,
68,579,,,1,,,,1,,,,,,,,,,,FALSE,0,,FALSE,1,2,FALSE,0,,,,,,,,,
68,572,,,5,5,,,,,,,,,,,,,,FALSE,1,3,FALSE,0,,FALSE,0,,,,,,,,,
68,572,,,5,3,,,,2,1,"implant, center",,,,,,,,FALSE,1,1,FALSE,0,,FALSE,0,,,,,,,,,
68,576,,,5,2,,,3,,,,,,,,,,,20,1,2,10,1,2,FALSE,0,,,,,,,,,
68,576,,,5,,,,1,,,,,,,,,,,FALSE,0,,10,1,2,20,1,3,,,4,,,,,
68,572,,,3,2,,,1,,,,,,,,,,,10,1,2,10,1,2,FALSE,0,,,,,,,,,
68,577,,,4,2,,,2,,,,,,,,,,,20,1,3,10,1,2,FALSE,0,,,,,,,,,
68,576,,,1,,,,1,,,,,,,,,,,FALSE,0,,FALSE,1,2,FALSE,0,,,,,,,,,
68,609,,,1,,,,1,,,,,,,,,,,FALSE,0,,FALSE,1,1,FALSE,0,,,,,,,,,
68,572,,,2,2,,,,,,,,,,,,,,FALSE,1,1,FALSE,0,,FALSE,0,,,,,,,,,
68,576,,,3,,,,3,,,,,,,,,,,FALSE,0,,FALSE,1,2,FALSE,0,,,,,,,,,
68,610,,olymicare,3,,,,3,,,,,,,,,,,FALSE,0,,FALSE,1,1,FALSE,0,,,,,,,,,
68,611,,dalmo,6,2,1,,3,,,,,,,,,,,20,1,3,10,1,1,FALSE,0,,,,,,,,,
68,612,,pixelimaging,14,2,,,8,4,1,"printing, scanning, color, printing",,,,,,,,20,1,3,10,1,3,FALSE,0,,,,,,,,,
68,576,,,5,2,,,3,,,,,,,,,,,20,1,1,10,1,1,FALSE,0,,,,,,,,,
68,572,,,5,5,,,,,,,,,,,,,,FALSE,1,1,FALSE,0,,FALSE,0,,,,,,,,,
68,613,1,for lease,2,,,,2,,,,,,,,,,,FALSE,0,,FALSE,1,2,FALSE,0,,,,,,,,,
68,613,1,,5,,,,5,,,,,,,,,,,FALSE,0,,FALSE,1,3,FALSE,0,,,,,,,,,
69,614,,victory,3,,,,1,2,1,"victory, trophy",,,,,,,,10,1,1,20,1,3,FALSE,0,,,,,,,,,
69,615,,tom n toms,4,,,,4,,,,,,,,,,,FALSE,0,,FALSE,1,1,FALSE,0,,,,,,,,,
69,615,,,4,,,,4,,,,,,,,,,,FALSE,0,,FALSE,1,3,FALSE,0,,,,,,,,,
69,616,,haniwon,5,2,1,,2,,,,,,,,,,,10,1,1,20,1,3,FALSE,0,,,,,,,,,
69,617,,,3,3,,,,,,,,,,,,,,FALSE,1,2,FALSE,0,,FALSE,0,,,,,,,,,
69,618,,chung's,6,2,,1,3,,,,,,,,,,,10,1,1,20,1,3,FALSE,0,,,,,,,,,
69,619,,billiard,6,1,,2,3,,,,,,,,,,,10,1,1,20,1,3,FALSE,0,,,,,,,,,
69,620,,koreatown thing,1,,,,1,,,,,,,,,,,FALSE,0,,FALSE,1,1,FALSE,0,,,,,,,,,
69,621,1,allstar,2,,,,2,,,,,,,,,,,FALSE,0,,FALSE,1,3,FALSE,0,,,,,,,,,
69,621,1,,2,,,,1,1,3,handphone,,,,,,,,20,1,3,10,1,1,FALSE,0,,,,,,,,,
69,622,1,barber,2,1,,,1,,,,,,,,,,,10,1,1,10,1,1,FALSE,0,,,,,,,,,
69,622,1,,2,,,,2,,,,,,,,,,,FALSE,0,,FALSE,1,3,FALSE,0,,,,,,,,,
69,623,,lash and beauty,2,,,,2,,,,,,,,,,,FALSE,0,,FALSE,1,1,FALSE,0,,,,,,,,,
69,622,,,1,1,,,,,,,,,,,,,,FALSE,1,1,FALSE,0,,FALSE,0,,,,,,,,,
69,623,,,3,,,,3,,,,,,,,,,,FALSE,0,,FALSE,1,2,FALSE,0,,,,,,,,,
69,621,,,1,,,,1,,,,,,,,,,,FALSE,0,,FALSE,1,3,FALSE,0,,,,,,,,,
69,622,,,1,,,,1,,,,,,,,,,,FALSE,0,,FALSE,1,2,FALSE,0,,,,,,,,,
69,623,,choice,2,1,,,,1,1,choice,,,,,,,,FALSE,1,1,FALSE,0,,FALSE,0,,,,,,,,,
69,624,,jenju,2,2,,,,,,,,,,,,,,FALSE,1,1,FALSE,0,,FALSE,0,,,,,,,,,
69,621,,all ,3,,,,2,1,3,handphone,,,,,,,,10,1,2,20,1,2,FALSE,0,,,,,,,,,
69,625,,hodori,3,2,,,1,,,,,,,,,,,10,1,1,20,1,2,FALSE,0,,,,,,,,,
69,626,,for lease,2,,,,2,,,,,,,,,,,FALSE,0,,FALSE,1,2,FALSE,0,,,,,,,,,
69,627,1,casino,2,,,,2,,,,,,,,,,,FALSE,0,,FALSE,1,1,FALSE,0,,,,,,,,,
69,627,1,,5,,,,5,,,,,,,,,,,FALSE,0,,FALSE,1,2,FALSE,0,,,,,,,,,
69,628,,beverly,2,1,,1,,,,,,,,,,,,FALSE,1,2,FALSE,0,,FALSE,0,,,,,,,,,
69,629,,billiards,1,1,,,,,,,,,,,,,,FALSE,1,2,FALSE,0,,FALSE,0,,,,,,,,,
69,630,,for lease,2,,,,2,,,,,,,,,,,FALSE,0,,FALSE,1,2,FALSE,0,,,,,,,,,
69,631,,soya,3,2,,,1,,,,,,,,,,,10,1,2,20,1,2,FALSE,0,,,,,,,,,
69,631,,,2,,,,2,,,,,,,,,,,FALSE,0,,FALSE,1,3,FALSE,0,,,,,,,,,
69,631,,,1,1,,,,,,,,,,,,,,FALSE,1,3,FALSE,0,,FALSE,0,,,,,,,,,
69,632,,ok,4,1,,,3,,,,,,,,,,,20,1,2,10,1,2,FALSE,0,,,,,,,,,
69,632,,,3,2,,,1,,,,,,,,,,,10,1,2,20,1,2,FALSE,0,,,,,,,,,
69,632,,,3,3,,,,,,,,,,,,,,FALSE,1,2,FALSE,0,,FALSE,0,,,,,,,,,
69,632,,,4,1,,,3,,,,,,,,,,,20,1,3,10,1,3,FALSE,0,,,,,,,,,